timestamp,ip,count,time_window,level,lat,lon,country,org
2025-09-15 11:19:35,13.70.79.200,6,5,SUSPICIOUS,-33.8672,151.1997,Australia,MICROSOFT-CORP-MSN-AS-BLOCK
2025-09-15 11:19:37,104.26.9.44,6,5,SUSPICIOUS,43.6561,-79.3406,Canada,CLOUDFLARENET
2025-09-15 11:19:40,149.154.167.220,6,5,SUSPICIOUS,51.5081,-0.1278,United Kingdom,Telegram Messenger Inc
2025-09-15 11:19:42,104.18.41.41,6,5,SUSPICIOUS,43.6561,-79.3406,Canada,CLOUDFLARENET
2025-09-15 11:19:45,149.154.167.92,6,5,SUSPICIOUS,51.5081,-0.1278,United Kingdom,Telegram Messenger Inc
2025-09-15 11:19:47,104.18.32.47,6,5,SUSPICIOUS,43.6561,-79.3406,Canada,CLOUDFLARENET
2025-09-15 11:19:50,104.18.39.21,6,5,SUSPICIOUS,43.6561,-79.3406,Canada,CLOUDFLARENET
2025-09-15 11:19:51,104.26.9.44,12,5,SUSPICIOUS,43.6561,-79.3406,Canada,CLOUDFLARENET
2025-09-15 11:19:52,13.70.79.200,6,5,SUSPICIOUS,-33.8672,151.1997,Australia,MICROSOFT-CORP-MSN-AS-BLOCK
2025-09-15 11:19:53,149.154.167.220,27,5,SUSPICIOUS,51.5081,-0.1278,United Kingdom,Telegram Messenger Inc
2025-09-15 11:19:57,140.82.121.4,6,5,SUSPICIOUS,50.1169,8.6837,Germany,GITHUB
2025-09-15 11:20:00,34.159.227.151,6,5,SUSPICIOUS,50.1159,8.6702,Germany,GOOGLE-CLOUD-PLATFORM
2025-09-15 11:20:04,13.89.179.9,6,5,SUSPICIOUS,41.6015,-93.6127,United States,MICROSOFT-CORP-MSN-AS-BLOCK
2025-09-15 11:20:07,104.26.9.44,6,5,SUSPICIOUS,43.6561,-79.3406,Canada,CLOUDFLARENET
2025-09-15 11:20:11,151.101.194.217,6,5,SUSPICIOUS,37.7642,-122.3993,United States,FASTLY
2025-09-15 11:20:14,149.154.167.220,6,5,SUSPICIOUS,51.5081,-0.1278,United Kingdom,Telegram Messenger Inc
2025-09-15 11:20:16,34.159.227.151,6,5,SUSPICIOUS,50.1159,8.6702,Germany,GOOGLE-CLOUD-PLATFORM
2025-09-15 11:20:18,13.89.179.9,12,5,SUSPICIOUS,41.6015,-93.6127,United States,MICROSOFT-CORP-MSN-AS-BLOCK
2025-09-15 11:20:20,149.154.167.92,6,5,SUSPICIOUS,51.5081,-0.1278,United Kingdom,Telegram Messenger Inc
2025-09-15 11:20:23,104.26.9.44,6,5,SUSPICIOUS,43.6561,-79.3406,Canada,CLOUDFLARENET
2025-09-15 11:20:29,157.240.5.61,6,5,SUSPICIOUS,40.4153,-3.694,Spain,FACEBOOK
2025-09-15 11:20:31,34.159.227.151,57,5,SUSPICIOUS,50.1159,8.6702,Germany,GOOGLE-CLOUD-PLATFORM
2025-09-15 11:20:33,13.89.179.9,6,5,SUSPICIOUS,41.6015,-93.6127,United States,MICROSOFT-CORP-MSN-AS-BLOCK
2025-09-15 11:20:35,149.154.167.220,6,5,SUSPICIOUS,51.5081,-0.1278,United Kingdom,Telegram Messenger Inc
2025-09-15 11:20:37,140.82.121.4,6,5,SUSPICIOUS,50.1169,8.6837,Germany,GITHUB
2025-09-15 11:20:41,20.50.201.200,6,5,SUSPICIOUS,52.3759,4.8975,The Netherlands,MICROSOFT-CORP-MSN-AS-BLOCK
2025-09-15 11:20:43,104.18.41.41,6,5,SUSPICIOUS,43.6561,-79.3406,Canada,CLOUDFLARENET
2025-09-15 11:20:45,104.26.9.44,6,5,SUSPICIOUS,43.6561,-79.3406,Canada,CLOUDFLARENET
2025-09-15 11:20:46,34.159.227.151,37,5,SUSPICIOUS,50.1159,8.6702,Germany,GOOGLE-CLOUD-PLATFORM
2025-09-15 11:20:48,149.154.167.92,6,5,SUSPICIOUS,51.5081,-0.1278,United Kingdom,Telegram Messenger Inc
2025-09-15 11:20:50,13.89.179.9,6,5,SUSPICIOUS,41.6015,-93.6127,United States,MICROSOFT-CORP-MSN-AS-BLOCK
2025-09-15 11:20:52,149.154.167.220,14,5,SUSPICIOUS,51.5081,-0.1278,United Kingdom,Telegram Messenger Inc
2025-09-15 11:20:55,20.50.201.203,6,5,SUSPICIOUS,52.3759,4.8975,The Netherlands,MICROSOFT-CORP-MSN-AS-BLOCK
2025-09-15 11:21:01,34.159.227.151,60,5,SUSPICIOUS,50.1159,8.6702,Germany,GOOGLE-CLOUD-PLATFORM
2025-09-15 11:21:17,34.159.227.151,21,5,SUSPICIOUS,50.1159,8.6702,Germany,GOOGLE-CLOUD-PLATFORM
2025-09-15 11:21:19,149.154.167.220,6,5,SUSPICIOUS,51.5081,-0.1278,United Kingdom,Telegram Messenger Inc
2025-09-15 11:21:21,20.50.201.203,6,5,SUSPICIOUS,52.3759,4.8975,The Netherlands,MICROSOFT-CORP-MSN-AS-BLOCK
2025-09-15 11:21:24,149.154.167.92,6,5,SUSPICIOUS,51.5081,-0.1278,United Kingdom,Telegram Messenger Inc
2025-09-15 11:21:28,135.236.136.184,6,5,SUSPICIOUS,53.3382,-6.2591,Ireland,MICROSOFT-CORP-MSN-AS-BLOCK
2025-09-15 11:21:32,104.26.8.44,6,5,SUSPICIOUS,43.6561,-79.3406,Canada,CLOUDFLARENET
2025-09-15 11:21:34,34.159.227.151,11,5,SUSPICIOUS,50.1159,8.6702,Germany,GOOGLE-CLOUD-PLATFORM
2025-09-15 11:21:36,20.50.201.203,19,5,SUSPICIOUS,52.3759,4.8975,The Netherlands,MICROSOFT-CORP-MSN-AS-BLOCK
2025-09-15 11:21:38,149.154.167.220,14,5,SUSPICIOUS,51.5081,-0.1278,United Kingdom,Telegram Messenger Inc
2025-09-15 11:21:41,104.18.41.41,6,5,SUSPICIOUS,43.6561,-79.3406,Canada,CLOUDFLARENET
2025-09-15 11:21:43,149.154.167.92,6,5,SUSPICIOUS,51.5081,-0.1278,United Kingdom,Telegram Messenger Inc
2025-09-15 11:21:45,104.18.39.21,6,5,SUSPICIOUS,43.6561,-79.3406,Canada,CLOUDFLARENET
2025-09-15 11:21:51,34.159.227.151,32,5,SUSPICIOUS,50.1159,8.6702,Germany,GOOGLE-CLOUD-PLATFORM
2025-09-15 11:21:54,149.154.167.220,6,5,SUSPICIOUS,51.5081,-0.1278,United Kingdom,Telegram Messenger Inc
2025-09-15 11:21:58,13.89.178.26,6,5,SUSPICIOUS,41.6015,-93.6127,United States,MICROSOFT-CORP-MSN-AS-BLOCK
2025-09-15 11:22:00,104.26.8.44,6,5,SUSPICIOUS,43.6561,-79.3406,Canada,CLOUDFLARENET
2025-09-15 11:22:09,34.159.227.151,10,5,SUSPICIOUS,50.1159,8.6702,Germany,GOOGLE-CLOUD-PLATFORM
2025-09-15 11:22:10,149.154.167.220,6,5,SUSPICIOUS,51.5081,-0.1278,United Kingdom,Telegram Messenger Inc
2025-09-15 11:22:12,13.89.178.26,6,5,SUSPICIOUS,41.6015,-93.6127,United States,MICROSOFT-CORP-MSN-AS-BLOCK
2025-09-15 11:22:15,104.18.32.47,6,5,SUSPICIOUS,43.6561,-79.3406,Canada,CLOUDFLARENET
2025-09-15 11:22:25,34.159.227.151,12,5,SUSPICIOUS,50.1159,8.6702,Germany,GOOGLE-CLOUD-PLATFORM
2025-09-15 11:22:29,149.154.167.220,6,5,SUSPICIOUS,51.5081,-0.1278,United Kingdom,Telegram Messenger Inc
2025-09-15 11:22:31,104.18.32.47,6,5,SUSPICIOUS,43.6561,-79.3406,Canada,CLOUDFLARENET
2025-09-15 11:22:34,13.89.178.26,6,5,SUSPICIOUS,41.6015,-93.6127,United States,MICROSOFT-CORP-MSN-AS-BLOCK
2025-09-15 11:22:36,149.154.167.92,6,5,SUSPICIOUS,51.5081,-0.1278,United Kingdom,Telegram Messenger Inc
2025-09-15 11:22:40,104.18.41.41,6,5,SUSPICIOUS,43.6561,-79.3406,Canada,CLOUDFLARENET
2025-09-15 11:22:43,34.159.227.151,7,5,SUSPICIOUS,50.1159,8.6702,Germany,GOOGLE-CLOUD-PLATFORM
2025-09-15 11:22:45,149.154.167.220,6,5,SUSPICIOUS,51.5081,-0.1278,United Kingdom,Telegram Messenger Inc
2025-09-15 11:22:48,104.18.32.47,6,5,SUSPICIOUS,43.6561,-79.3406,Canada,CLOUDFLARENET
2025-09-15 11:22:51,13.89.178.26,6,5,SUSPICIOUS,41.6015,-93.6127,United States,MICROSOFT-CORP-MSN-AS-BLOCK
2025-09-15 11:22:54,149.154.167.92,6,5,SUSPICIOUS,51.5081,-0.1278,United Kingdom,Telegram Messenger Inc
2025-09-15 11:22:58,34.159.227.151,53,5,SUSPICIOUS,50.1159,8.6702,Germany,GOOGLE-CLOUD-PLATFORM
2025-09-15 11:23:03,20.42.65.94,6,5,SUSPICIOUS,38.7095,-78.1539,United States,MICROSOFT-CORP-MSN-AS-BLOCK
2025-09-15 11:23:07,34.117.59.81,6,5,SUSPICIOUS,38.9296,-94.5009,United States,GOOGLE-CLOUD-PLATFORM
2025-09-15 11:23:09,104.26.8.44,6,5,SUSPICIOUS,43.6561,-79.3406,Canada,CLOUDFLARENET
2025-09-15 11:23:13,163.117.131.60,6,5,SUSPICIOUS,40.321,-3.7225,Spain,Entidad Publica Empresarial Red.es
2025-09-15 11:23:14,104.18.32.47,6,5,SUSPICIOUS,43.6561,-79.3406,Canada,CLOUDFLARENET
2025-09-15 11:23:15,34.159.227.151,6,5,SUSPICIOUS,50.1159,8.6702,Germany,GOOGLE-CLOUD-PLATFORM
2025-09-15 11:23:18,34.160.152.12,6,5,SUSPICIOUS,38.9296,-94.5009,United States,GOOGLE-CLOUD-PLATFORM
2025-09-15 11:23:22,2.18.188.94,6,5,SUSPICIOUS,40.5971,-3.4974,Spain,Akamai International B.V.
2025-09-15 11:23:26,163.117.18.60,6,5,SUSPICIOUS,40.321,-3.7225,Spain,Entidad Publica Empresarial Red.es
2025-09-15 11:23:29,2.18.188.86,6,5,SUSPICIOUS,40.5971,-3.4974,Spain,Akamai International B.V.
2025-09-15 11:23:31,163.117.131.60,6,5,SUSPICIOUS,40.321,-3.7225,Spain,Entidad Publica Empresarial Red.es
2025-09-15 11:23:34,34.8.209.147,6,5,SUSPICIOUS,38.9296,-94.5009,United States,GOOGLE-CLOUD-PLATFORM
2025-09-15 11:23:38,142.250.200.132,6,5,SUSPICIOUS,51.5085,-0.1257,United Kingdom,GOOGLE
2025-09-15 11:23:43,3.233.158.26,6,5,SUSPICIOUS,39.0373,-77.4805,United States,AMAZON-AES
2025-09-15 11:23:47,104.20.17.167,6,5,SUSPICIOUS,,,,
2025-09-15 11:23:52,108.177.15.84,6,5,SUSPICIOUS,,,,
2025-09-15 11:23:54,34.8.209.147,6,5,SUSPICIOUS,38.9296,-94.5009,United States,GOOGLE-CLOUD-PLATFORM
2025-09-15 11:23:56,142.250.200.132,6,5,SUSPICIOUS,51.5085,-0.1257,United Kingdom,GOOGLE
2025-09-15 11:24:00,142.250.201.72,6,5,SUSPICIOUS,,,,
2025-09-15 11:24:02,104.20.17.167,6,5,SUSPICIOUS,,,,
2025-09-15 11:24:06,35.169.225.183,6,5,SUSPICIOUS,,,,
2025-09-15 11:24:09,34.117.59.81,6,5,SUSPICIOUS,38.9296,-94.5009,United States,GOOGLE-CLOUD-PLATFORM
2025-09-15 11:24:10,108.177.15.84,6,5,SUSPICIOUS,,,,
2025-09-15 11:24:15,216.58.215.163,6,5,SUSPICIOUS,,,,
2025-09-15 11:24:17,149.154.167.220,6,5,SUSPICIOUS,51.5081,-0.1278,United Kingdom,Telegram Messenger Inc
2025-09-15 11:24:19,104.20.17.167,6,5,SUSPICIOUS,,,,
2025-09-15 11:24:22,35.169.225.183,6,5,SUSPICIOUS,,,,
2025-09-15 11:24:26,104.18.142.119,6,5,SUSPICIOUS,,,,
2025-09-15 11:24:31,184.24.5.231,6,5,SUSPICIOUS,,,,
2025-09-15 11:24:33,142.250.200.132,6,5,SUSPICIOUS,51.5085,-0.1257,United Kingdom,GOOGLE
2025-09-15 11:24:35,216.58.215.163,6,5,SUSPICIOUS,,,,
2025-09-15 11:24:37,104.18.41.41,6,5,SUSPICIOUS,43.6561,-79.3406,Canada,CLOUDFLARENET
2025-09-15 11:24:41,104.19.175.188,6,5,SUSPICIOUS,,,,
2025-09-15 11:24:42,34.117.59.81,6,5,SUSPICIOUS,38.9296,-94.5009,United States,GOOGLE-CLOUD-PLATFORM
2025-09-15 11:24:45,34.159.227.151,6,5,SUSPICIOUS,50.1159,8.6702,Germany,GOOGLE-CLOUD-PLATFORM
2025-09-15 11:24:47,34.160.152.12,6,5,SUSPICIOUS,38.9296,-94.5009,United States,GOOGLE-CLOUD-PLATFORM
2025-09-15 11:24:50,149.154.167.220,6,5,SUSPICIOUS,51.5081,-0.1278,United Kingdom,Telegram Messenger Inc
2025-09-15 11:24:51,163.117.131.60,6,5,SUSPICIOUS,40.321,-3.7225,Spain,Entidad Publica Empresarial Red.es
2025-09-15 11:24:55,52.168.117.169,6,5,SUSPICIOUS,,,,
2025-09-15 11:24:58,104.18.80.204,6,5,SUSPICIOUS,,,,
2025-09-15 11:24:59,34.117.59.81,6,5,SUSPICIOUS,38.9296,-94.5009,United States,GOOGLE-CLOUD-PLATFORM
2025-09-15 11:25:01,163.117.18.60,6,5,SUSPICIOUS,40.321,-3.7225,Spain,Entidad Publica Empresarial Red.es
2025-09-15 11:25:02,104.18.142.119,6,5,SUSPICIOUS,,,,
2025-09-15 11:25:03,34.160.152.12,10,5,SUSPICIOUS,38.9296,-94.5009,United States,GOOGLE-CLOUD-PLATFORM
2025-09-15 11:25:05,35.169.225.183,6,5,SUSPICIOUS,,,,
2025-09-15 11:25:07,2.18.188.86,6,5,SUSPICIOUS,40.5971,-3.4974,Spain,Akamai International B.V.
2025-09-15 11:25:08,34.159.227.151,6,5,SUSPICIOUS,50.1159,8.6702,Germany,GOOGLE-CLOUD-PLATFORM
2025-09-15 11:25:09,149.154.167.220,6,5,SUSPICIOUS,51.5081,-0.1278,United Kingdom,Telegram Messenger Inc
2025-09-15 11:25:11,52.168.117.169,6,5,SUSPICIOUS,,,,
2025-09-15 11:25:12,104.26.8.44,6,5,SUSPICIOUS,43.6561,-79.3406,Canada,CLOUDFLARENET
2025-09-15 11:25:14,104.18.41.41,6,5,SUSPICIOUS,43.6561,-79.3406,Canada,CLOUDFLARENET
2025-09-15 11:25:16,140.82.114.22,6,5,SUSPICIOUS,,,,
2025-09-15 11:25:17,104.18.32.47,6,5,SUSPICIOUS,43.6561,-79.3406,Canada,CLOUDFLARENET
2025-09-15 11:25:19,140.82.121.5,6,5,SUSPICIOUS,,,,
2025-09-15 11:25:22,104.26.14.40,6,5,SUSPICIOUS,,,,
2025-09-15 11:25:23,34.159.227.151,7,5,SUSPICIOUS,50.1159,8.6702,Germany,GOOGLE-CLOUD-PLATFORM
2025-09-15 11:25:24,149.154.167.220,6,5,SUSPICIOUS,51.5081,-0.1278,United Kingdom,Telegram Messenger Inc
2025-09-15 11:25:26,140.82.121.4,6,5,SUSPICIOUS,50.1169,8.6837,Germany,GITHUB
2025-09-15 11:25:28,52.168.117.169,6,5,SUSPICIOUS,,,,
2025-09-15 11:25:29,149.154.167.92,6,5,SUSPICIOUS,51.5081,-0.1278,United Kingdom,Telegram Messenger Inc
2025-09-15 11:25:31,104.26.8.44,6,5,SUSPICIOUS,43.6561,-79.3406,Canada,CLOUDFLARENET
2025-09-15 11:25:34,20.189.173.3,6,5,SUSPICIOUS,,,,
2025-09-15 11:25:35,184.24.5.231,6,5,SUSPICIOUS,,,,
2025-09-15 11:25:39,140.82.112.21,6,5,SUSPICIOUS,,,,
2025-09-15 11:25:40,149.154.167.220,51,5,SUSPICIOUS,51.5081,-0.1278,United Kingdom,Telegram Messenger Inc
2025-09-15 11:25:41,34.159.227.151,6,5,SUSPICIOUS,50.1159,8.6702,Germany,GOOGLE-CLOUD-PLATFORM
2025-09-15 11:25:43,35.169.225.183,6,5,SUSPICIOUS,,,,
2025-09-15 11:25:44,149.154.167.92,8,5,SUSPICIOUS,51.5081,-0.1278,United Kingdom,Telegram Messenger Inc
2025-09-15 11:25:45,34.117.59.81,6,5,SUSPICIOUS,38.9296,-94.5009,United States,GOOGLE-CLOUD-PLATFORM
2025-09-15 11:25:47,163.117.131.60,6,5,SUSPICIOUS,40.321,-3.7225,Spain,Entidad Publica Empresarial Red.es
2025-09-15 11:25:48,20.189.173.3,21,5,SUSPICIOUS,,,,
2025-09-15 11:25:49,104.26.8.44,6,5,SUSPICIOUS,43.6561,-79.3406,Canada,CLOUDFLARENET
2025-09-15 11:25:51,104.18.41.41,6,5,SUSPICIOUS,43.6561,-79.3406,Canada,CLOUDFLARENET
2025-09-15 11:25:54,216.239.34.36,6,5,SUSPICIOUS,,,,
2025-09-15 11:25:55,149.154.167.220,196,5,SUSPICIOUS,51.5081,-0.1278,United Kingdom,Telegram Messenger Inc
2025-09-15 11:25:57,34.159.227.151,45,5,SUSPICIOUS,50.1159,8.6702,Germany,GOOGLE-CLOUD-PLATFORM
2025-09-15 11:26:01,52.168.117.174,6,5,SUSPICIOUS,,,,
2025-09-15 11:26:02,216.58.215.163,6,5,SUSPICIOUS,,,,
2025-09-15 11:26:05,20.189.173.3,6,5,SUSPICIOUS,,,,
2025-09-15 11:26:07,104.26.8.44,6,5,SUSPICIOUS,43.6561,-79.3406,Canada,CLOUDFLARENET
2025-09-15 11:26:09,149.154.167.92,6,5,SUSPICIOUS,51.5081,-0.1278,United Kingdom,Telegram Messenger Inc
2025-09-15 11:26:11,149.154.167.220,64,5,SUSPICIOUS,51.5081,-0.1278,United Kingdom,Telegram Messenger Inc
2025-09-15 11:26:13,34.159.227.151,25,5,SUSPICIOUS,50.1159,8.6702,Germany,GOOGLE-CLOUD-PLATFORM
2025-09-15 11:26:15,104.18.32.47,6,5,SUSPICIOUS,43.6561,-79.3406,Canada,CLOUDFLARENET
2025-09-15 11:26:18,52.178.17.2,6,5,SUSPICIOUS,,,,
2025-09-15 11:26:23,185.199.110.133,6,5,SUSPICIOUS,,,,
2025-09-15 11:26:27,185.199.108.154,6,5,SUSPICIOUS,,,,
2025-09-15 11:26:29,104.26.8.44,6,5,SUSPICIOUS,43.6561,-79.3406,Canada,CLOUDFLARENET
2025-09-15 11:26:31,104.18.32.47,6,5,SUSPICIOUS,43.6561,-79.3406,Canada,CLOUDFLARENET
2025-09-15 11:26:33,34.159.227.151,6,5,SUSPICIOUS,50.1159,8.6702,Germany,GOOGLE-CLOUD-PLATFORM
2025-09-15 11:26:35,149.154.167.220,6,5,SUSPICIOUS,51.5081,-0.1278,United Kingdom,Telegram Messenger Inc
2025-09-15 11:26:37,52.178.17.2,6,5,SUSPICIOUS,,,,
2025-09-15 11:26:39,149.154.167.92,6,5,SUSPICIOUS,51.5081,-0.1278,United Kingdom,Telegram Messenger Inc
2025-09-15 11:26:44,104.18.41.41,6,5,SUSPICIOUS,43.6561,-79.3406,Canada,CLOUDFLARENET
2025-09-15 11:26:46,104.18.32.47,66,5,SUSPICIOUS,43.6561,-79.3406,Canada,CLOUDFLARENET
2025-09-15 11:26:48,34.159.227.151,14,5,SUSPICIOUS,50.1159,8.6702,Germany,GOOGLE-CLOUD-PLATFORM
2025-09-15 11:26:50,149.154.167.220,20,5,SUSPICIOUS,51.5081,-0.1278,United Kingdom,Telegram Messenger Inc
2025-09-15 11:26:52,52.178.17.2,26,5,SUSPICIOUS,,,,
2025-09-15 11:26:54,20.42.65.93,6,5,SUSPICIOUS,,,,
2025-09-15 11:26:56,104.26.8.44,6,5,SUSPICIOUS,43.6561,-79.3406,Canada,CLOUDFLARENET
2025-09-15 11:26:57,149.154.167.92,6,5,SUSPICIOUS,51.5081,-0.1278,United Kingdom,Telegram Messenger Inc
2025-09-15 11:27:00,3.233.158.26,6,5,SUSPICIOUS,39.0373,-77.4805,United States,AMAZON-AES
2025-09-15 11:27:03,34.159.227.151,34,5,SUSPICIOUS,50.1159,8.6702,Germany,GOOGLE-CLOUD-PLATFORM
2025-09-15 11:27:05,149.154.167.220,20,5,SUSPICIOUS,51.5081,-0.1278,United Kingdom,Telegram Messenger Inc
2025-09-15 11:27:08,20.189.173.26,6,5,SUSPICIOUS,,,,
2025-09-15 11:27:11,20.189.173.5,6,5,SUSPICIOUS,,,,
2025-09-15 11:27:12,104.26.8.44,7,5,SUSPICIOUS,43.6561,-79.3406,Canada,CLOUDFLARENET
2025-09-15 11:27:14,104.18.32.47,6,5,SUSPICIOUS,43.6561,-79.3406,Canada,CLOUDFLARENET
2025-09-15 11:27:19,34.159.227.151,25,5,SUSPICIOUS,50.1159,8.6702,Germany,GOOGLE-CLOUD-PLATFORM
2025-09-15 11:27:22,20.189.173.26,55,5,SUSPICIOUS,,,,
2025-09-15 11:27:23,149.154.167.220,20,5,SUSPICIOUS,51.5081,-0.1278,United Kingdom,Telegram Messenger Inc
2025-09-15 11:27:34,34.159.227.151,25,5,SUSPICIOUS,50.1159,8.6702,Germany,GOOGLE-CLOUD-PLATFORM
2025-09-15 11:27:37,20.189.173.26,6,5,SUSPICIOUS,,,,
2025-09-15 11:27:38,149.154.167.220,14,5,SUSPICIOUS,51.5081,-0.1278,United Kingdom,Telegram Messenger Inc
2025-09-15 11:27:45,104.18.41.41,6,5,SUSPICIOUS,43.6561,-79.3406,Canada,CLOUDFLARENET
2025-09-15 11:27:46,140.82.112.21,6,5,SUSPICIOUS,,,,
2025-09-15 11:27:47,140.82.121.4,6,5,SUSPICIOUS,50.1169,8.6837,Germany,GITHUB
2025-09-15 11:27:50,104.208.16.90,6,5,SUSPICIOUS,,,,
2025-09-15 11:27:51,104.26.8.44,6,5,SUSPICIOUS,43.6561,-79.3406,Canada,CLOUDFLARENET
2025-09-15 11:27:53,34.159.227.151,7,5,SUSPICIOUS,50.1159,8.6702,Germany,GOOGLE-CLOUD-PLATFORM
2025-09-15 11:27:55,149.154.167.220,15,5,SUSPICIOUS,51.5081,-0.1278,United Kingdom,Telegram Messenger Inc
2025-09-15 11:28:11,34.159.227.151,6,5,SUSPICIOUS,50.1159,8.6702,Germany,GOOGLE-CLOUD-PLATFORM
2025-09-15 11:28:12,149.154.167.220,6,5,SUSPICIOUS,51.5081,-0.1278,United Kingdom,Telegram Messenger Inc
2025-09-15 11:28:15,20.189.173.2,6,5,SUSPICIOUS,37.3394,-121.895,US,AS8075 Microsoft Corporation
2025-09-15 11:28:16,34.117.59.81,6,5,SUSPICIOUS,38.9296,-94.5009,United States,GOOGLE-CLOUD-PLATFORM
2025-09-15 11:28:17,149.154.167.92,6,5,SUSPICIOUS,51.5081,-0.1278,United Kingdom,Telegram Messenger Inc
2025-09-15 11:28:27,34.159.227.151,18,5,SUSPICIOUS,50.1159,8.6702,Germany,GOOGLE-CLOUD-PLATFORM
2025-09-15 11:28:29,149.154.167.220,6,5,SUSPICIOUS,51.5081,-0.1278,United Kingdom,Telegram Messenger Inc
2025-09-15 11:28:30,20.189.173.2,6,5,SUSPICIOUS,37.3394,-121.895,US,AS8075 Microsoft Corporation
2025-09-15 11:28:44,34.159.227.151,10,5,SUSPICIOUS,50.1159,8.6702,Germany,GOOGLE-CLOUD-PLATFORM
2025-09-15 11:28:46,149.154.167.220,6,5,SUSPICIOUS,51.5081,-0.1278,United Kingdom,Telegram Messenger Inc
2025-09-15 11:28:49,104.18.41.41,6,5,SUSPICIOUS,43.6561,-79.3406,Canada,CLOUDFLARENET
2025-09-15 11:28:51,20.189.173.2,6,5,SUSPICIOUS,37.3394,-121.895,US,AS8075 Microsoft Corporation
2025-09-15 11:28:54,149.154.167.92,6,5,SUSPICIOUS,51.5081,-0.1278,United Kingdom,Telegram Messenger Inc
2025-09-15 11:29:00,34.159.227.151,30,5,SUSPICIOUS,50.1159,8.6702,Germany,GOOGLE-CLOUD-PLATFORM
2025-09-15 11:29:03,149.154.167.220,6,5,SUSPICIOUS,51.5081,-0.1278,United Kingdom,Telegram Messenger Inc
2025-09-15 11:29:07,13.107.246.77,6,5,SUSPICIOUS,47.674,-122.1215,US,AS8075 Microsoft Corporation
2025-09-15 11:29:10,20.189.173.2,6,5,SUSPICIOUS,37.3394,-121.895,US,AS8075 Microsoft Corporation
2025-09-15 11:29:12,34.117.59.81,6,5,SUSPICIOUS,38.9296,-94.5009,United States,GOOGLE-CLOUD-PLATFORM
2025-09-15 11:29:14,104.18.32.47,6,5,SUSPICIOUS,43.6561,-79.3406,Canada,CLOUDFLARENET
2025-09-15 11:29:17,34.159.227.151,37,5,SUSPICIOUS,50.1159,8.6702,Germany,GOOGLE-CLOUD-PLATFORM
2025-09-15 11:29:20,149.154.167.220,14,5,SUSPICIOUS,51.5081,-0.1278,United Kingdom,Telegram Messenger Inc
2025-09-15 11:29:23,149.154.167.92,6,5,SUSPICIOUS,51.5081,-0.1278,United Kingdom,Telegram Messenger Inc
2025-09-15 11:29:26,20.189.173.2,13,5,SUSPICIOUS,37.3394,-121.895,US,AS8075 Microsoft Corporation
2025-09-15 11:29:31,104.18.32.47,6,5,SUSPICIOUS,43.6561,-79.3406,Canada,CLOUDFLARENET
2025-09-15 11:29:33,34.159.227.151,22,5,SUSPICIOUS,50.1159,8.6702,Germany,GOOGLE-CLOUD-PLATFORM
2025-09-15 11:29:46,104.18.41.41,6,5,SUSPICIOUS,43.6561,-79.3406,Canada,CLOUDFLARENET
2025-09-15 11:29:48,149.154.167.220,6,5,SUSPICIOUS,51.5081,-0.1278,United Kingdom,Telegram Messenger Inc
2025-09-15 11:29:49,104.18.32.47,6,5,SUSPICIOUS,43.6561,-79.3406,Canada,CLOUDFLARENET
2025-09-15 11:29:51,34.159.227.151,6,5,SUSPICIOUS,50.1159,8.6702,Germany,GOOGLE-CLOUD-PLATFORM
2025-09-15 11:29:52,20.189.173.2,6,5,SUSPICIOUS,37.3394,-121.895,US,AS8075 Microsoft Corporation
2025-09-15 11:29:54,149.154.167.92,6,5,SUSPICIOUS,51.5081,-0.1278,United Kingdom,Telegram Messenger Inc
2025-09-15 11:30:05,104.18.32.47,179,5,SUSPICIOUS,43.6561,-79.3406,Canada,CLOUDFLARENET
2025-09-15 11:30:07,34.159.227.151,6,5,SUSPICIOUS,50.1159,8.6702,Germany,GOOGLE-CLOUD-PLATFORM
2025-09-15 11:30:08,149.154.167.220,6,5,SUSPICIOUS,51.5081,-0.1278,United Kingdom,Telegram Messenger Inc
2025-09-15 11:30:09,20.189.173.2,6,5,SUSPICIOUS,37.3394,-121.895,US,AS8075 Microsoft Corporation
2025-09-15 11:30:11,20.42.73.24,6,5,SUSPICIOUS,38.7135,-78.1594,US,AS8075 Microsoft Corporation
2025-09-15 11:30:12,149.154.167.92,6,5,SUSPICIOUS,51.5081,-0.1278,United Kingdom,Telegram Messenger Inc
2025-09-15 11:30:13,34.117.59.81,6,5,SUSPICIOUS,38.9296,-94.5009,United States,GOOGLE-CLOUD-PLATFORM
2025-09-15 11:30:20,104.18.32.47,158,5,SUSPICIOUS,43.6561,-79.3406,Canada,CLOUDFLARENET
2025-09-15 11:30:23,52.168.117.168,6,5,SUSPICIOUS,38.7135,-78.1594,US,AS8075 Microsoft Corporation
2025-09-15 11:30:24,149.154.167.220,14,5,SUSPICIOUS,51.5081,-0.1278,United Kingdom,Telegram Messenger Inc
2025-09-15 11:30:26,34.159.227.151,20,5,SUSPICIOUS,50.1159,8.6702,Germany,GOOGLE-CLOUD-PLATFORM
2025-09-15 11:30:35,104.18.32.47,106,5,SUSPICIOUS,43.6561,-79.3406,Canada,CLOUDFLARENET
2025-09-15 11:30:39,52.168.117.168,17,5,SUSPICIOUS,38.7135,-78.1594,US,AS8075 Microsoft Corporation
2025-09-15 11:30:39,149.154.167.220,20,5,SUSPICIOUS,51.5081,-0.1278,United Kingdom,Telegram Messenger Inc
2025-09-15 11:30:41,34.159.227.151,18,5,SUSPICIOUS,50.1159,8.6702,Germany,GOOGLE-CLOUD-PLATFORM
2025-09-15 11:30:46,104.18.41.41,6,5,SUSPICIOUS,43.6561,-79.3406,Canada,CLOUDFLARENET
2025-09-15 11:30:50,104.18.32.47,179,5,SUSPICIOUS,43.6561,-79.3406,Canada,CLOUDFLARENET
2025-09-15 11:30:57,34.159.227.151,23,5,SUSPICIOUS,50.1159,8.6702,Germany,GOOGLE-CLOUD-PLATFORM
2025-09-15 11:30:58,149.154.167.220,6,5,SUSPICIOUS,51.5081,-0.1278,United Kingdom,Telegram Messenger Inc
2025-09-15 11:31:01,52.168.117.168,6,5,SUSPICIOUS,38.7135,-78.1594,US,AS8075 Microsoft Corporation
2025-09-15 11:31:04,104.18.39.21,6,5,SUSPICIOUS,43.6561,-79.3406,Canada,CLOUDFLARENET
2025-09-15 11:31:06,104.18.32.47,44,5,SUSPICIOUS,43.6561,-79.3406,Canada,CLOUDFLARENET
2025-09-15 11:31:07,149.154.167.92,6,5,SUSPICIOUS,51.5081,-0.1278,United Kingdom,Telegram Messenger Inc
2025-09-15 11:31:13,34.159.227.151,23,5,SUSPICIOUS,50.1159,8.6702,Germany,GOOGLE-CLOUD-PLATFORM
2025-09-15 11:31:14,149.154.167.220,21,5,SUSPICIOUS,51.5081,-0.1278,United Kingdom,Telegram Messenger Inc
2025-09-15 11:31:16,52.168.117.168,6,5,SUSPICIOUS,38.7135,-78.1594,US,AS8075 Microsoft Corporation
2025-09-15 11:31:21,104.18.32.47,153,5,SUSPICIOUS,43.6561,-79.3406,Canada,CLOUDFLARENET
2025-09-15 11:31:29,34.159.227.151,19,5,SUSPICIOUS,50.1159,8.6702,Germany,GOOGLE-CLOUD-PLATFORM
2025-09-15 11:31:31,149.154.167.220,6,5,SUSPICIOUS,51.5081,-0.1278,United Kingdom,Telegram Messenger Inc
2025-09-15 11:31:36,52.178.17.234,6,5,SUSPICIOUS,52.374,4.8897,NL,AS8075 Microsoft Corporation
2025-09-15 11:31:38,104.18.32.47,14,5,SUSPICIOUS,43.6561,-79.3406,Canada,CLOUDFLARENET
2025-09-15 11:31:40,34.117.59.81,6,5,SUSPICIOUS,38.9296,-94.5009,United States,GOOGLE-CLOUD-PLATFORM
2025-09-15 11:31:42,140.82.121.3,6,5,SUSPICIOUS,50.1155,8.6842,DE,AS36459 GitHub  Inc.
2025-09-15 11:31:43,104.18.39.21,6,5,SUSPICIOUS,43.6561,-79.3406,Canada,CLOUDFLARENET
2025-09-15 11:31:45,149.154.167.92,6,5,SUSPICIOUS,51.5081,-0.1278,United Kingdom,Telegram Messenger Inc
2025-09-15 11:31:46,34.159.227.151,20,5,SUSPICIOUS,50.1159,8.6702,Germany,GOOGLE-CLOUD-PLATFORM
2025-09-15 11:31:48,149.154.167.220,60,5,SUSPICIOUS,51.5081,-0.1278,United Kingdom,Telegram Messenger Inc
2025-09-15 11:31:50,52.178.17.234,6,5,SUSPICIOUS,52.374,4.8897,NL,AS8075 Microsoft Corporation
2025-09-15 11:31:53,104.18.32.47,199,5,SUSPICIOUS,43.6561,-79.3406,Canada,CLOUDFLARENET
2025-09-15 11:32:01,34.159.227.151,18,5,SUSPICIOUS,50.1159,8.6702,Germany,GOOGLE-CLOUD-PLATFORM
2025-09-15 11:32:08,104.18.32.47,76,5,SUSPICIOUS,43.6561,-79.3406,Canada,CLOUDFLARENET
2025-09-15 11:32:10,149.154.167.220,6,5,SUSPICIOUS,51.5081,-0.1278,United Kingdom,Telegram Messenger Inc
2025-09-15 11:32:12,52.178.17.234,6,5,SUSPICIOUS,52.374,4.8897,NL,AS8075 Microsoft Corporation
2025-09-15 11:32:17,34.159.227.151,18,5,SUSPICIOUS,50.1159,8.6702,Germany,GOOGLE-CLOUD-PLATFORM
2025-09-15 11:32:23,104.18.32.47,111,5,SUSPICIOUS,43.6561,-79.3406,Canada,CLOUDFLARENET
2025-09-15 11:32:34,34.159.227.151,17,5,SUSPICIOUS,50.1159,8.6702,Germany,GOOGLE-CLOUD-PLATFORM
2025-09-15 11:32:36,149.154.167.220,6,5,SUSPICIOUS,51.5081,-0.1278,United Kingdom,Telegram Messenger Inc
2025-09-15 11:32:39,20.189.173.28,6,5,SUSPICIOUS,37.3394,-121.895,US,AS8075 Microsoft Corporation
2025-09-15 11:32:41,34.117.59.81,6,5,SUSPICIOUS,38.9296,-94.5009,United States,GOOGLE-CLOUD-PLATFORM
2025-09-15 11:32:43,149.154.167.92,6,5,SUSPICIOUS,51.5081,-0.1278,United Kingdom,Telegram Messenger Inc
2025-09-15 11:32:48,104.18.41.41,6,5,SUSPICIOUS,43.6561,-79.3406,Canada,CLOUDFLARENET
2025-09-15 11:32:49,34.159.227.151,19,5,SUSPICIOUS,50.1159,8.6702,Germany,GOOGLE-CLOUD-PLATFORM
2025-09-15 11:32:51,149.154.167.220,6,5,SUSPICIOUS,51.5081,-0.1278,United Kingdom,Telegram Messenger Inc
2025-09-15 11:32:53,20.189.173.28,6,5,SUSPICIOUS,37.3394,-121.895,US,AS8075 Microsoft Corporation
2025-09-15 11:32:56,104.18.32.47,6,5,SUSPICIOUS,43.6561,-79.3406,Canada,CLOUDFLARENET
2025-09-15 11:32:58,3.233.158.26,6,5,SUSPICIOUS,39.0373,-77.4805,United States,AMAZON-AES
2025-09-15 11:33:06,34.159.227.151,20,5,SUSPICIOUS,50.1159,8.6702,Germany,GOOGLE-CLOUD-PLATFORM
2025-09-15 11:33:08,149.154.167.220,6,5,SUSPICIOUS,51.5081,-0.1278,United Kingdom,Telegram Messenger Inc
2025-09-15 11:33:09,20.189.173.28,6,5,SUSPICIOUS,37.3394,-121.895,US,AS8075 Microsoft Corporation
2025-09-15 11:33:12,104.18.32.47,9,5,SUSPICIOUS,43.6561,-79.3406,Canada,CLOUDFLARENET
2025-09-15 11:33:23,34.159.227.151,20,5,SUSPICIOUS,50.1159,8.6702,Germany,GOOGLE-CLOUD-PLATFORM
2025-09-15 11:33:24,149.154.167.220,6,5,SUSPICIOUS,51.5081,-0.1278,United Kingdom,Telegram Messenger Inc
2025-09-15 11:33:26,20.189.173.28,6,5,SUSPICIOUS,37.3394,-121.895,US,AS8075 Microsoft Corporation
2025-09-15 11:33:29,104.18.32.47,11,5,SUSPICIOUS,43.6561,-79.3406,Canada,CLOUDFLARENET
2025-09-15 11:33:40,34.159.227.151,26,5,SUSPICIOUS,50.1159,8.6702,Germany,GOOGLE-CLOUD-PLATFORM
2025-09-15 11:33:41,149.154.167.220,6,5,SUSPICIOUS,51.5081,-0.1278,United Kingdom,Telegram Messenger Inc
2025-09-15 11:33:43,52.182.143.215,6,5,SUSPICIOUS,41.6005,-93.6091,US,AS8075 Microsoft Corporation
2025-09-15 11:33:45,34.117.59.81,6,5,SUSPICIOUS,38.9296,-94.5009,United States,GOOGLE-CLOUD-PLATFORM
2025-09-15 11:33:46,104.18.32.47,6,5,SUSPICIOUS,43.6561,-79.3406,Canada,CLOUDFLARENET
2025-09-15 11:33:47,149.154.167.92,6,5,SUSPICIOUS,51.5081,-0.1278,United Kingdom,Telegram Messenger Inc
2025-09-15 11:33:48,104.18.41.41,6,5,SUSPICIOUS,43.6561,-79.3406,Canada,CLOUDFLARENET
2025-09-15 11:33:53,208.103.161.1,6,5,SUSPICIOUS,37.7509,-122.4153,US,AS33191 Notion Labs  Inc.
2025-09-15 11:33:56,34.159.227.151,11,5,SUSPICIOUS,50.1159,8.6702,Germany,GOOGLE-CLOUD-PLATFORM
2025-09-15 11:33:57,149.154.167.220,14,5,SUSPICIOUS,51.5081,-0.1278,United Kingdom,Telegram Messenger Inc
2025-09-15 11:33:58,3.233.158.26,6,5,SUSPICIOUS,39.0373,-77.4805,United States,AMAZON-AES
2025-09-15 11:34:01,52.182.143.215,6,5,SUSPICIOUS,41.6005,-93.6091,US,AS8075 Microsoft Corporation
2025-09-15 11:34:02,208.103.161.2,6,5,SUSPICIOUS,37.7509,-122.4153,US,AS33191 Notion Labs  Inc.
2025-09-15 11:34:03,104.18.32.47,25,5,SUSPICIOUS,43.6561,-79.3406,Canada,CLOUDFLARENET
2025-09-15 11:34:04,34.117.59.81,6,5,SUSPICIOUS,38.9296,-94.5009,United States,GOOGLE-CLOUD-PLATFORM
2025-09-15 11:34:05,149.154.167.92,6,5,SUSPICIOUS,51.5081,-0.1278,United Kingdom,Telegram Messenger Inc
2025-09-15 11:34:07,34.36.73.246,6,5,SUSPICIOUS,39.0997,-94.5786,US,AS396982 Google LLC
2025-09-15 11:34:08,163.117.131.60,6,5,SUSPICIOUS,40.321,-3.7225,Spain,Entidad Publica Empresarial Red.es
2025-09-15 11:34:09,13.107.246.77,6,5,SUSPICIOUS,47.674,-122.1215,US,AS8075 Microsoft Corporation
2025-09-15 11:34:11,34.159.227.151,6,5,SUSPICIOUS,50.1159,8.6702,Germany,GOOGLE-CLOUD-PLATFORM
2025-09-15 11:34:12,149.154.167.220,19,5,SUSPICIOUS,51.5081,-0.1278,United Kingdom,Telegram Messenger Inc
2025-09-15 11:34:14,208.103.161.1,6,5,SUSPICIOUS,37.7509,-122.4153,US,AS33191 Notion Labs  Inc.
2025-09-15 11:34:16,52.182.143.215,15,5,SUSPICIOUS,41.6005,-93.6091,US,AS8075 Microsoft Corporation
2025-09-15 11:34:18,34.107.243.93,6,5,SUSPICIOUS,39.0997,-94.5786,US,AS396982 Google LLC
2025-09-15 11:34:20,151.101.1.91,6,5,SUSPICIOUS,37.7621,-122.3971,US,AS54113 Fastly  Inc.
2025-09-15 11:34:21,104.18.32.47,6,5,SUSPICIOUS,43.6561,-79.3406,Canada,CLOUDFLARENET
2025-09-15 11:34:22,34.117.59.81,6,5,SUSPICIOUS,38.9296,-94.5009,United States,GOOGLE-CLOUD-PLATFORM
2025-09-15 11:34:23,149.154.167.92,6,5,SUSPICIOUS,51.5081,-0.1278,United Kingdom,Telegram Messenger Inc
2025-09-15 11:34:27,34.159.227.151,43,5,SUSPICIOUS,50.1159,8.6702,Germany,GOOGLE-CLOUD-PLATFORM
2025-09-15 11:34:29,149.154.167.220,40,5,SUSPICIOUS,51.5081,-0.1278,United Kingdom,Telegram Messenger Inc
2025-09-15 11:34:30,20.42.65.89,6,5,SUSPICIOUS,38.7135,-78.1594,US,AS8075 Microsoft Corporation
2025-09-15 11:34:32,3.233.158.26,6,5,SUSPICIOUS,39.0373,-77.4805,United States,AMAZON-AES
2025-09-15 11:34:43,34.159.227.151,26,5,SUSPICIOUS,50.1159,8.6702,Germany,GOOGLE-CLOUD-PLATFORM
2025-09-15 11:34:44,149.154.167.220,6,5,SUSPICIOUS,51.5081,-0.1278,United Kingdom,Telegram Messenger Inc
2025-09-15 11:34:45,20.42.65.89,6,5,SUSPICIOUS,38.7135,-78.1594,US,AS8075 Microsoft Corporation
2025-09-15 11:34:58,34.159.227.151,19,5,SUSPICIOUS,50.1159,8.6702,Germany,GOOGLE-CLOUD-PLATFORM
2025-09-15 11:34:59,149.154.167.220,6,5,SUSPICIOUS,51.5081,-0.1278,United Kingdom,Telegram Messenger Inc
2025-09-15 11:35:01,20.42.65.89,7,5,SUSPICIOUS,38.7135,-78.1594,US,AS8075 Microsoft Corporation
2025-09-15 11:35:08,20.82.228.9,6,5,SUSPICIOUS,53.3331,-6.2489,IE,AS8075 Microsoft Corporation
2025-09-15 11:35:10,34.117.59.81,6,5,SUSPICIOUS,38.9296,-94.5009,United States,GOOGLE-CLOUD-PLATFORM
2025-09-15 11:35:12,4.207.24.68,6,5,SUSPICIOUS,53.3331,-6.2489,IE,AS8075 Microsoft Corporation
2025-09-15 11:35:13,34.159.227.151,9,5,SUSPICIOUS,50.1159,8.6702,Germany,GOOGLE-CLOUD-PLATFORM
2025-09-15 11:35:15,20.242.39.171,6,5,SUSPICIOUS,36.6676,-78.3875,US,AS8075 Microsoft Corporation
2025-09-15 11:35:16,149.154.167.220,16,5,SUSPICIOUS,51.5081,-0.1278,United Kingdom,Telegram Messenger Inc
2025-09-15 11:35:18,20.42.65.89,15,5,SUSPICIOUS,38.7135,-78.1594,US,AS8075 Microsoft Corporation
2025-09-15 11:35:19,149.154.167.92,6,5,SUSPICIOUS,51.5081,-0.1278,United Kingdom,Telegram Messenger Inc
2025-09-15 11:35:21,20.189.173.12,6,5,SUSPICIOUS,37.3394,-121.895,US,AS8075 Microsoft Corporation
2025-09-15 11:35:30,34.159.227.151,14,5,SUSPICIOUS,50.1159,8.6702,Germany,GOOGLE-CLOUD-PLATFORM
2025-09-15 11:35:31,149.154.167.220,6,5,SUSPICIOUS,51.5081,-0.1278,United Kingdom,Telegram Messenger Inc
2025-09-15 11:35:32,3.233.158.26,6,5,SUSPICIOUS,39.0373,-77.4805,United States,AMAZON-AES
2025-09-15 11:35:37,104.208.16.90,6,5,SUSPICIOUS,,,,
2025-09-15 11:35:46,34.159.227.151,14,5,SUSPICIOUS,50.1159,8.6702,Germany,GOOGLE-CLOUD-PLATFORM
2025-09-15 11:35:47,149.154.167.220,6,5,SUSPICIOUS,51.5081,-0.1278,United Kingdom,Telegram Messenger Inc
2025-09-15 11:36:02,34.159.227.151,20,5,SUSPICIOUS,50.1159,8.6702,Germany,GOOGLE-CLOUD-PLATFORM
2025-09-15 11:36:03,149.154.167.220,6,5,SUSPICIOUS,51.5081,-0.1278,United Kingdom,Telegram Messenger Inc
2025-09-15 11:36:05,104.208.16.90,6,5,SUSPICIOUS,,,,
2025-09-15 11:36:18,34.159.227.151,16,5,SUSPICIOUS,50.1159,8.6702,Germany,GOOGLE-CLOUD-PLATFORM
2025-09-15 11:36:20,149.154.167.220,6,5,SUSPICIOUS,51.5081,-0.1278,United Kingdom,Telegram Messenger Inc
2025-09-15 11:36:22,104.18.41.41,6,5,SUSPICIOUS,43.6561,-79.3406,Canada,CLOUDFLARENET
2025-09-15 11:36:23,104.208.16.90,6,5,SUSPICIOUS,,,,
2025-09-15 11:36:25,149.154.167.92,6,5,SUSPICIOUS,51.5081,-0.1278,United Kingdom,Telegram Messenger Inc
2025-09-15 11:36:33,34.159.227.151,22,5,SUSPICIOUS,50.1159,8.6702,Germany,GOOGLE-CLOUD-PLATFORM
2025-09-15 11:36:35,149.154.167.220,6,5,SUSPICIOUS,51.5081,-0.1278,United Kingdom,Telegram Messenger Inc
2025-09-15 11:36:38,13.69.239.73,6,5,SUSPICIOUS,53.3331,-6.2489,IE,AS8075 Microsoft Corporation
2025-09-15 11:36:41,140.82.121.3,6,5,SUSPICIOUS,50.1155,8.6842,DE,AS36459 GitHub  Inc.
2025-09-15 11:36:44,20.73.194.208,6,5,SUSPICIOUS,52.374,4.8897,NL,AS8075 Microsoft Corporation
2025-09-15 11:36:46,34.117.59.81,6,5,SUSPICIOUS,38.9296,-94.5009,United States,GOOGLE-CLOUD-PLATFORM
2025-09-15 11:36:49,2.22.146.185,6,5,SUSPICIOUS,40.4165,-3.7026,ES,AS20940 Akamai International B.V.
2025-09-15 11:36:51,104.18.39.21,6,5,SUSPICIOUS,43.6561,-79.3406,Canada,CLOUDFLARENET
2025-09-15 11:36:52,13.69.239.73,9,5,SUSPICIOUS,53.3331,-6.2489,IE,AS8075 Microsoft Corporation
2025-09-15 11:36:53,34.159.227.151,6,5,SUSPICIOUS,50.1159,8.6702,Germany,GOOGLE-CLOUD-PLATFORM
2025-09-15 11:36:54,52.168.117.168,6,5,SUSPICIOUS,38.7135,-78.1594,US,AS8075 Microsoft Corporation
2025-09-15 11:36:56,149.154.167.220,6,5,SUSPICIOUS,51.5081,-0.1278,United Kingdom,Telegram Messenger Inc
2025-09-15 11:36:57,13.89.179.9,6,5,SUSPICIOUS,41.6015,-93.6127,United States,MICROSOFT-CORP-MSN-AS-BLOCK
2025-09-15 11:36:59,135.236.137.174,6,5,SUSPICIOUS,53.3331,-6.2489,IE,AS8075 Microsoft Corporation
2025-09-15 11:37:00,20.189.173.26,6,5,SUSPICIOUS,,,,
2025-09-15 11:37:01,34.117.59.81,6,5,SUSPICIOUS,38.9296,-94.5009,United States,GOOGLE-CLOUD-PLATFORM
2025-09-15 11:37:04,13.107.253.43,6,5,SUSPICIOUS,47.674,-122.1215,US,AS8075 Microsoft Corporation
2025-09-15 11:37:05,104.18.41.41,6,5,SUSPICIOUS,43.6561,-79.3406,Canada,CLOUDFLARENET
2025-09-15 11:37:08,104.18.32.47,6,5,SUSPICIOUS,43.6561,-79.3406,Canada,CLOUDFLARENET
2025-09-15 11:37:10,34.159.227.151,9,5,SUSPICIOUS,50.1159,8.6702,Germany,GOOGLE-CLOUD-PLATFORM
2025-09-15 11:37:12,149.154.167.220,12,5,SUSPICIOUS,51.5081,-0.1278,United Kingdom,Telegram Messenger Inc
2025-09-15 11:37:14,13.69.239.73,6,5,SUSPICIOUS,53.3331,-6.2489,IE,AS8075 Microsoft Corporation
2025-09-15 11:37:16,52.182.143.208,6,5,SUSPICIOUS,41.6005,-93.6091,US,AS8075 Microsoft Corporation
2025-09-15 11:37:18,20.189.173.9,6,5,SUSPICIOUS,37.3394,-121.895,US,AS8075 Microsoft Corporation
2025-09-15 11:37:20,149.154.167.92,6,5,SUSPICIOUS,51.5081,-0.1278,United Kingdom,Telegram Messenger Inc
2025-09-15 11:37:22,34.117.59.81,6,5,SUSPICIOUS,38.9296,-94.5009,United States,GOOGLE-CLOUD-PLATFORM
2025-09-15 11:37:24,104.18.32.47,6,5,SUSPICIOUS,43.6561,-79.3406,Canada,CLOUDFLARENET
2025-09-15 11:37:27,20.189.173.4,6,5,SUSPICIOUS,37.3394,-121.895,US,AS8075 Microsoft Corporation
2025-09-15 11:37:28,149.154.167.220,19,5,SUSPICIOUS,51.5081,-0.1278,United Kingdom,Telegram Messenger Inc
2025-09-15 11:37:30,34.159.227.151,6,5,SUSPICIOUS,50.1159,8.6702,Germany,GOOGLE-CLOUD-PLATFORM
2025-09-15 11:37:31,13.69.239.73,6,5,SUSPICIOUS,53.3331,-6.2489,IE,AS8075 Microsoft Corporation
2025-09-15 11:37:33,104.208.16.92,6,5,SUSPICIOUS,41.6005,-93.6091,US,AS8075 Microsoft Corporation
2025-09-15 11:37:36,13.107.246.77,6,5,SUSPICIOUS,47.674,-122.1215,US,AS8075 Microsoft Corporation
2025-09-15 11:37:37,34.117.59.81,7,5,SUSPICIOUS,38.9296,-94.5009,United States,GOOGLE-CLOUD-PLATFORM
2025-09-15 11:37:38,149.154.167.92,6,5,SUSPICIOUS,51.5081,-0.1278,United Kingdom,Telegram Messenger Inc
2025-09-15 11:37:41,13.69.116.105,6,5,SUSPICIOUS,52.374,4.8897,NL,AS8075 Microsoft Corporation
2025-09-15 11:37:43,149.154.167.220,69,5,SUSPICIOUS,51.5081,-0.1278,United Kingdom,Telegram Messenger Inc
2025-09-15 11:37:44,104.18.32.47,6,5,SUSPICIOUS,43.6561,-79.3406,Canada,CLOUDFLARENET
2025-09-15 11:37:46,34.159.227.151,26,5,SUSPICIOUS,50.1159,8.6702,Germany,GOOGLE-CLOUD-PLATFORM
2025-09-15 11:37:47,13.69.239.73,22,5,SUSPICIOUS,53.3331,-6.2489,IE,AS8075 Microsoft Corporation
2025-09-15 11:37:49,104.18.39.21,6,5,SUSPICIOUS,43.6561,-79.3406,Canada,CLOUDFLARENET
2025-09-15 11:37:51,13.89.179.9,6,5,SUSPICIOUS,41.6015,-93.6127,United States,MICROSOFT-CORP-MSN-AS-BLOCK
2025-09-15 12:00:06,104.18.41.41,6,5,SUSPICIOUS,43.6561,-79.3406,Canada,CLOUDFLARENET
2025-09-15 12:00:10,185.125.190.29,6,5,SUSPICIOUS,51.5085,-0.1257,GB,AS41231 Canonical Group Limited
2025-09-15 12:00:12,34.159.227.151,6,5,SUSPICIOUS,50.1159,8.6702,Germany,GOOGLE-CLOUD-PLATFORM
2025-09-15 12:00:14,149.154.167.220,6,5,SUSPICIOUS,51.5081,-0.1278,United Kingdom,Telegram Messenger Inc
2025-09-15 12:00:16,34.117.59.81,6,5,SUSPICIOUS,38.9296,-94.5009,United States,GOOGLE-CLOUD-PLATFORM
2025-09-15 12:00:20,13.89.179.11,6,5,SUSPICIOUS,41.6005,-93.6091,US,AS8075 Microsoft Corporation
2025-09-15 12:00:23,149.154.167.92,6,5,SUSPICIOUS,51.5081,-0.1278,United Kingdom,Telegram Messenger Inc
2025-09-15 12:00:28,34.159.227.151,23,5,SUSPICIOUS,50.1159,8.6702,Germany,GOOGLE-CLOUD-PLATFORM
2025-09-15 12:00:30,149.154.167.220,15,5,SUSPICIOUS,51.5081,-0.1278,United Kingdom,Telegram Messenger Inc
2025-09-15 12:00:44,34.159.227.151,6,5,SUSPICIOUS,50.1159,8.6702,Germany,GOOGLE-CLOUD-PLATFORM
2025-09-15 12:00:47,149.154.167.220,6,5,SUSPICIOUS,51.5081,-0.1278,United Kingdom,Telegram Messenger Inc
2025-09-15 12:00:49,13.89.179.11,6,5,SUSPICIOUS,41.6005,-93.6091,US,AS8075 Microsoft Corporation
2025-09-15 12:00:51,149.154.167.92,6,5,SUSPICIOUS,51.5081,-0.1278,United Kingdom,Telegram Messenger Inc
2025-09-15 12:01:00,34.159.227.151,10,5,SUSPICIOUS,50.1159,8.6702,Germany,GOOGLE-CLOUD-PLATFORM
2025-09-15 12:01:02,149.154.167.220,6,5,SUSPICIOUS,51.5081,-0.1278,United Kingdom,Telegram Messenger Inc
2025-09-15 12:01:04,140.82.121.4,6,5,SUSPICIOUS,50.1169,8.6837,Germany,GITHUB
2025-09-15 12:01:06,13.89.179.11,6,5,SUSPICIOUS,41.6005,-93.6091,US,AS8075 Microsoft Corporation
2025-09-15 12:01:08,104.18.41.41,6,5,SUSPICIOUS,43.6561,-79.3406,Canada,CLOUDFLARENET
2025-09-15 12:01:09,104.18.32.47,6,5,SUSPICIOUS,43.6561,-79.3406,Canada,CLOUDFLARENET
2025-09-15 12:01:10,149.154.167.92,6,5,SUSPICIOUS,51.5081,-0.1278,United Kingdom,Telegram Messenger Inc
2025-09-15 12:01:13,20.189.173.11,6,5,SUSPICIOUS,37.3394,-121.895,US,AS8075 Microsoft Corporation
2025-09-15 12:01:14,163.117.131.60,6,5,SUSPICIOUS,40.321,-3.7225,Spain,Entidad Publica Empresarial Red.es
2025-09-15 12:01:15,34.117.59.81,6,5,SUSPICIOUS,38.9296,-94.5009,United States,GOOGLE-CLOUD-PLATFORM
2025-09-15 12:01:17,34.159.227.151,6,5,SUSPICIOUS,50.1159,8.6702,Germany,GOOGLE-CLOUD-PLATFORM
2025-09-15 12:01:19,149.154.167.220,43,5,SUSPICIOUS,51.5081,-0.1278,United Kingdom,Telegram Messenger Inc
2025-09-15 12:01:25,104.18.32.47,28,5,SUSPICIOUS,43.6561,-79.3406,Canada,CLOUDFLARENET
2025-09-15 12:01:28,20.189.173.11,6,5,SUSPICIOUS,37.3394,-121.895,US,AS8075 Microsoft Corporation
2025-09-15 12:01:33,34.159.227.151,6,5,SUSPICIOUS,50.1159,8.6702,Germany,GOOGLE-CLOUD-PLATFORM
2025-09-15 12:01:34,149.154.167.220,20,5,SUSPICIOUS,51.5081,-0.1278,United Kingdom,Telegram Messenger Inc
2025-09-15 12:01:35,3.233.158.26,6,5,SUSPICIOUS,39.0373,-77.4805,United States,AMAZON-AES
2025-09-15 12:01:41,104.18.32.47,6,5,SUSPICIOUS,43.6561,-79.3406,Canada,CLOUDFLARENET
2025-09-15 12:01:44,20.189.173.11,35,5,SUSPICIOUS,37.3394,-121.895,US,AS8075 Microsoft Corporation
2025-09-15 12:01:48,34.159.227.151,9,5,SUSPICIOUS,50.1159,8.6702,Germany,GOOGLE-CLOUD-PLATFORM
2025-09-15 12:01:50,149.154.167.220,17,5,SUSPICIOUS,51.5081,-0.1278,United Kingdom,Telegram Messenger Inc
2025-09-15 12:02:05,34.159.227.151,6,5,SUSPICIOUS,50.1159,8.6702,Germany,GOOGLE-CLOUD-PLATFORM
2025-09-15 12:02:07,104.18.41.41,6,5,SUSPICIOUS,43.6561,-79.3406,Canada,CLOUDFLARENET
2025-09-15 12:02:10,13.69.116.104,6,5,SUSPICIOUS,52.374,4.8897,NL,AS8075 Microsoft Corporation
2025-09-15 12:02:12,149.154.167.220,6,5,SUSPICIOUS,51.5081,-0.1278,United Kingdom,Telegram Messenger Inc
2025-09-15 12:02:14,20.189.173.11,6,5,SUSPICIOUS,37.3394,-121.895,US,AS8075 Microsoft Corporation
2025-09-15 12:02:16,34.117.59.81,6,5,SUSPICIOUS,38.9296,-94.5009,United States,GOOGLE-CLOUD-PLATFORM
2025-09-15 12:02:18,149.154.167.92,6,5,SUSPICIOUS,51.5081,-0.1278,United Kingdom,Telegram Messenger Inc
2025-09-15 12:02:21,149.154.167.151,6,5,SUSPICIOUS,52.374,4.8897,NL,AS62041 Telegram Messenger Inc
2025-09-15 12:02:24,52.182.143.213,6,5,SUSPICIOUS,41.6005,-93.6091,US,AS8075 Microsoft Corporation
2025-09-15 12:02:25,34.159.227.151,6,5,SUSPICIOUS,50.1159,8.6702,Germany,GOOGLE-CLOUD-PLATFORM
2025-09-15 12:02:35,3.233.158.26,6,5,SUSPICIOUS,39.0373,-77.4805,United States,AMAZON-AES
2025-09-15 12:02:36,149.154.167.220,6,5,SUSPICIOUS,51.5081,-0.1278,United Kingdom,Telegram Messenger Inc
2025-09-15 12:02:39,52.182.143.213,6,5,SUSPICIOUS,41.6005,-93.6091,US,AS8075 Microsoft Corporation
2025-09-15 12:02:40,34.159.227.151,9,5,SUSPICIOUS,50.1159,8.6702,Germany,GOOGLE-CLOUD-PLATFORM
2025-09-15 12:02:53,104.18.39.21,6,5,SUSPICIOUS,43.6561,-79.3406,Canada,CLOUDFLARENET
2025-09-15 12:02:54,104.18.32.47,6,5,SUSPICIOUS,43.6561,-79.3406,Canada,CLOUDFLARENET
2025-09-15 12:02:56,149.154.167.220,6,5,SUSPICIOUS,51.5081,-0.1278,United Kingdom,Telegram Messenger Inc
2025-09-15 12:02:57,52.182.143.213,6,5,SUSPICIOUS,41.6005,-93.6091,US,AS8075 Microsoft Corporation
2025-09-15 12:02:58,34.159.227.151,6,5,SUSPICIOUS,50.1159,8.6702,Germany,GOOGLE-CLOUD-PLATFORM
2025-09-15 12:02:59,149.154.167.92,6,5,SUSPICIOUS,51.5081,-0.1278,United Kingdom,Telegram Messenger Inc
2025-09-15 12:03:07,104.18.41.41,6,5,SUSPICIOUS,43.6561,-79.3406,Canada,CLOUDFLARENET
2025-09-15 12:03:13,34.159.227.151,6,5,SUSPICIOUS,50.1159,8.6702,Germany,GOOGLE-CLOUD-PLATFORM
2025-09-15 12:03:15,149.154.167.220,6,5,SUSPICIOUS,51.5081,-0.1278,United Kingdom,Telegram Messenger Inc
2025-09-15 12:03:18,20.189.173.24,6,5,SUSPICIOUS,37.3394,-121.895,US,AS8075 Microsoft Corporation
2025-09-15 12:03:19,34.117.59.81,6,5,SUSPICIOUS,38.9296,-94.5009,United States,GOOGLE-CLOUD-PLATFORM
2025-09-15 12:03:24,104.18.32.47,6,5,SUSPICIOUS,43.6561,-79.3406,Canada,CLOUDFLARENET
2025-09-15 12:03:26,149.154.167.92,6,5,SUSPICIOUS,51.5081,-0.1278,United Kingdom,Telegram Messenger Inc
2025-09-15 12:03:29,34.159.227.151,6,5,SUSPICIOUS,50.1159,8.6702,Germany,GOOGLE-CLOUD-PLATFORM
2025-09-15 12:03:30,149.154.167.220,28,5,SUSPICIOUS,51.5081,-0.1278,United Kingdom,Telegram Messenger Inc
2025-09-15 12:03:32,20.189.173.24,7,5,SUSPICIOUS,37.3394,-121.895,US,AS8075 Microsoft Corporation
2025-09-15 12:03:45,34.159.227.151,6,5,SUSPICIOUS,50.1159,8.6702,Germany,GOOGLE-CLOUD-PLATFORM
2025-09-15 12:03:47,149.154.167.220,6,5,SUSPICIOUS,51.5081,-0.1278,United Kingdom,Telegram Messenger Inc
2025-09-15 12:03:49,20.189.173.24,6,5,SUSPICIOUS,37.3394,-121.895,US,AS8075 Microsoft Corporation
2025-09-15 12:03:58,3.233.158.26,6,5,SUSPICIOUS,39.0373,-77.4805,United States,AMAZON-AES
2025-09-15 12:04:01,34.159.227.151,6,5,SUSPICIOUS,50.1159,8.6702,Germany,GOOGLE-CLOUD-PLATFORM
2025-09-15 12:04:02,208.103.161.1,6,5,SUSPICIOUS,37.7509,-122.4153,US,AS33191 Notion Labs  Inc.
2025-09-15 12:04:03,149.154.167.220,15,5,SUSPICIOUS,51.5081,-0.1278,United Kingdom,Telegram Messenger Inc
2025-09-15 12:04:05,20.189.173.24,6,5,SUSPICIOUS,37.3394,-121.895,US,AS8075 Microsoft Corporation
2025-09-15 12:04:07,34.36.73.246,6,5,SUSPICIOUS,39.0997,-94.5786,US,AS396982 Google LLC
2025-09-15 12:04:09,104.18.41.41,6,5,SUSPICIOUS,43.6561,-79.3406,Canada,CLOUDFLARENET
2025-09-15 12:04:10,149.154.167.92,6,5,SUSPICIOUS,51.5081,-0.1278,United Kingdom,Telegram Messenger Inc
2025-09-15 12:04:11,13.107.246.77,6,5,SUSPICIOUS,47.674,-122.1215,US,AS8075 Microsoft Corporation
2025-09-15 12:04:17,34.159.227.151,18,5,SUSPICIOUS,50.1159,8.6702,Germany,GOOGLE-CLOUD-PLATFORM
2025-09-15 12:04:21,151.101.1.91,6,5,SUSPICIOUS,37.7621,-122.3971,US,AS54113 Fastly  Inc.
2025-09-15 12:04:23,149.154.167.220,13,5,SUSPICIOUS,51.5081,-0.1278,United Kingdom,Telegram Messenger Inc
2025-09-15 12:04:24,104.18.41.41,10,5,SUSPICIOUS,43.6561,-79.3406,Canada,CLOUDFLARENET
2025-09-15 12:04:27,20.189.173.25,6,5,SUSPICIOUS,37.3394,-121.895,US,AS8075 Microsoft Corporation
2025-09-15 12:04:28,34.117.59.81,6,5,SUSPICIOUS,38.9296,-94.5009,United States,GOOGLE-CLOUD-PLATFORM
2025-09-15 12:04:29,149.154.167.92,6,5,SUSPICIOUS,51.5081,-0.1278,United Kingdom,Telegram Messenger Inc
2025-09-15 12:04:33,34.159.227.151,19,5,SUSPICIOUS,50.1159,8.6702,Germany,GOOGLE-CLOUD-PLATFORM
2025-09-15 12:04:34,104.18.32.47,6,5,SUSPICIOUS,43.6561,-79.3406,Canada,CLOUDFLARENET
2025-09-15 12:04:46,140.82.121.4,6,5,SUSPICIOUS,50.1169,8.6837,Germany,GITHUB
2025-09-15 12:04:47,149.154.167.220,6,5,SUSPICIOUS,51.5081,-0.1278,United Kingdom,Telegram Messenger Inc
2025-09-15 12:04:48,149.154.167.92,6,5,SUSPICIOUS,51.5081,-0.1278,United Kingdom,Telegram Messenger Inc
2025-09-15 12:04:49,34.159.227.151,10,5,SUSPICIOUS,50.1159,8.6702,Germany,GOOGLE-CLOUD-PLATFORM
2025-09-15 12:04:50,104.18.32.47,24,5,SUSPICIOUS,43.6561,-79.3406,Canada,CLOUDFLARENET
2025-09-15 12:04:52,20.189.173.25,6,5,SUSPICIOUS,37.3394,-121.895,US,AS8075 Microsoft Corporation
2025-09-15 12:04:59,3.233.158.26,6,5,SUSPICIOUS,39.0373,-77.4805,United States,AMAZON-AES
2025-09-15 12:05:04,34.159.227.151,14,5,SUSPICIOUS,50.1159,8.6702,Germany,GOOGLE-CLOUD-PLATFORM
2025-09-15 12:05:06,104.18.32.47,114,5,SUSPICIOUS,43.6561,-79.3406,Canada,CLOUDFLARENET
2025-09-15 12:05:09,135.236.136.109,6,5,SUSPICIOUS,53.3331,-6.2489,IE,AS8075 Microsoft Corporation
2025-09-15 12:05:11,149.154.167.220,6,5,SUSPICIOUS,51.5081,-0.1278,United Kingdom,Telegram Messenger Inc
2025-09-15 12:05:12,20.189.173.25,6,5,SUSPICIOUS,37.3394,-121.895,US,AS8075 Microsoft Corporation
2025-09-15 12:43:48,34.159.227.151,6,5,SUSPICIOUS,50.1159,8.6702,Germany,GOOGLE-CLOUD-PLATFORM
2025-09-15 12:43:54,172.67.70.74,6,5,SUSPICIOUS,37.7621,-122.3971,US,AS13335 Cloudflare  Inc.
2025-09-15 12:44:02,20.189.173.25,6,5,SUSPICIOUS,37.3394,-121.895,US,AS8075 Microsoft Corporation
2025-09-15 12:44:08,149.154.167.220,6,5,SUSPICIOUS,51.5081,-0.1278,United Kingdom,Telegram Messenger Inc
2025-09-15 12:44:14,216.58.209.67,6,5,SUSPICIOUS,40.4165,-3.7026,ES,AS15169 Google LLC
2025-09-15 12:44:18,34.117.59.81,6,5,SUSPICIOUS,38.9296,-94.5009,United States,GOOGLE-CLOUD-PLATFORM
2025-09-15 12:44:21,172.67.70.74,6,5,SUSPICIOUS,37.7621,-122.3971,US,AS13335 Cloudflare  Inc.
2025-09-15 12:44:23,20.189.173.25,6,5,SUSPICIOUS,37.3394,-121.895,US,AS8075 Microsoft Corporation
2025-09-15 12:44:28,149.154.167.220,6,5,SUSPICIOUS,51.5081,-0.1278,United Kingdom,Telegram Messenger Inc
2025-09-15 12:44:31,34.159.227.151,6,5,SUSPICIOUS,50.1159,8.6702,Germany,GOOGLE-CLOUD-PLATFORM
2025-09-15 12:44:35,149.154.167.92,6,5,SUSPICIOUS,51.5081,-0.1278,United Kingdom,Telegram Messenger Inc
2025-09-15 12:44:40,34.117.59.81,6,5,SUSPICIOUS,38.9296,-94.5009,United States,GOOGLE-CLOUD-PLATFORM
2025-09-15 12:44:43,172.67.70.74,6,5,SUSPICIOUS,37.7621,-122.3971,US,AS13335 Cloudflare  Inc.
2025-09-15 12:44:44,149.154.167.220,6,5,SUSPICIOUS,51.5081,-0.1278,United Kingdom,Telegram Messenger Inc
2025-09-15 12:44:46,151.101.1.91,6,5,SUSPICIOUS,37.7621,-122.3971,US,AS54113 Fastly  Inc.
2025-09-15 12:44:52,34.159.227.151,6,5,SUSPICIOUS,50.1159,8.6702,Germany,GOOGLE-CLOUD-PLATFORM
2025-09-15 12:44:54,20.189.173.25,6,5,SUSPICIOUS,37.3394,-121.895,US,AS8075 Microsoft Corporation
2025-09-15 12:44:56,149.154.167.92,6,5,SUSPICIOUS,51.5081,-0.1278,United Kingdom,Telegram Messenger Inc
2025-09-15 12:44:59,149.154.167.220,55,5,SUSPICIOUS,51.5081,-0.1278,United Kingdom,Telegram Messenger Inc
2025-09-15 12:45:02,104.18.41.41,6,5,SUSPICIOUS,43.6561,-79.3406,Canada,CLOUDFLARENET
2025-09-15 12:45:06,172.67.70.74,6,5,SUSPICIOUS,37.7621,-122.3971,US,AS13335 Cloudflare  Inc.
2025-09-15 12:45:08,34.159.227.151,31,5,SUSPICIOUS,50.1159,8.6702,Germany,GOOGLE-CLOUD-PLATFORM
2025-09-15 13:49:04,104.18.32.47,6,5,SUSPICIOUS,43.6561,-79.3406,Canada,CLOUDFLARENET
2025-09-15 13:49:07,172.67.70.74,6,5,SUSPICIOUS,37.7621,-122.3971,US,AS13335 Cloudflare  Inc.
2025-09-15 13:49:08,3.233.158.26,6,5,SUSPICIOUS,39.0373,-77.4805,United States,AMAZON-AES
2025-09-15 13:49:13,149.154.167.220,6,5,SUSPICIOUS,51.5081,-0.1278,United Kingdom,Telegram Messenger Inc
2025-09-15 13:49:16,40.74.98.192,6,5,SUSPICIOUS,34.6938,135.5011,JP,AS8075 Microsoft Corporation
2025-09-15 13:49:20,34.159.227.151,6,5,SUSPICIOUS,50.1159,8.6702,Germany,GOOGLE-CLOUD-PLATFORM
2025-09-15 13:49:22,104.18.32.47,6,5,SUSPICIOUS,43.6561,-79.3406,Canada,CLOUDFLARENET
2025-09-15 13:49:25,104.26.12.38,6,5,SUSPICIOUS,37.7621,-122.3971,US,AS13335 Cloudflare  Inc.
2025-09-15 13:49:31,149.154.167.220,6,5,SUSPICIOUS,51.5081,-0.1278,United Kingdom,Telegram Messenger Inc
2025-09-15 13:49:33,40.74.98.192,6,5,SUSPICIOUS,34.6938,135.5011,JP,AS8075 Microsoft Corporation
2025-09-15 13:49:35,34.117.59.81,6,5,SUSPICIOUS,38.9296,-94.5009,United States,GOOGLE-CLOUD-PLATFORM
2025-09-15 13:49:37,149.154.167.92,6,5,SUSPICIOUS,51.5081,-0.1278,United Kingdom,Telegram Messenger Inc
2025-09-15 13:49:39,34.159.227.151,6,5,SUSPICIOUS,50.1159,8.6702,Germany,GOOGLE-CLOUD-PLATFORM
2025-09-15 13:49:41,104.26.12.38,12,5,SUSPICIOUS,37.7621,-122.3971,US,AS13335 Cloudflare  Inc.
2025-09-15 13:49:42,163.117.131.60,6,5,SUSPICIOUS,40.321,-3.7225,Spain,Entidad Publica Empresarial Red.es
2025-09-15 13:49:46,149.154.167.220,6,5,SUSPICIOUS,51.5081,-0.1278,United Kingdom,Telegram Messenger Inc
2025-09-15 13:49:48,40.74.98.192,26,5,SUSPICIOUS,34.6938,135.5011,JP,AS8075 Microsoft Corporation
2025-09-15 13:49:55,142.250.201.14,6,5,SUSPICIOUS,43.297,5.3811,FR,AS15169 Google LLC
2025-09-15 13:50:01,34.117.59.81,6,5,SUSPICIOUS,38.9296,-94.5009,United States,GOOGLE-CLOUD-PLATFORM
2025-09-15 13:50:04,20.190.177.23,6,5,SUSPICIOUS,48.8534,2.3488,FR,AS8075 Microsoft Corporation
2025-09-15 13:50:09,4.175.223.124,6,5,SUSPICIOUS,52.374,4.8897,NL,AS8075 Microsoft Corporation
2025-09-15 13:50:13,104.26.12.38,6,5,SUSPICIOUS,37.7621,-122.3971,US,AS13335 Cloudflare  Inc.
2025-09-15 13:50:15,163.117.131.60,6,5,SUSPICIOUS,40.321,-3.7225,Spain,Entidad Publica Empresarial Red.es
2025-09-15 13:50:18,150.171.22.17,6,5,SUSPICIOUS,47.674,-122.1215,US,AS8075 Microsoft Corporation
2025-09-15 13:50:23,150.171.28.11,6,5,SUSPICIOUS,47.674,-122.1215,US,AS8075 Microsoft Corporation
2025-09-15 13:50:27,151.101.130.217,6,5,SUSPICIOUS,37.7621,-122.3971,US,AS54113 Fastly  Inc.
2025-09-15 13:50:31,149.154.167.220,6,5,SUSPICIOUS,51.5081,-0.1278,United Kingdom,Telegram Messenger Inc
2025-09-15 13:50:35,104.46.162.226,6,5,SUSPICIOUS,-37.814,144.9633,AU,AS8075 Microsoft Corporation
2025-09-15 13:50:38,34.117.59.81,6,5,SUSPICIOUS,38.9296,-94.5009,United States,GOOGLE-CLOUD-PLATFORM
2025-09-15 13:50:40,104.26.12.38,6,5,SUSPICIOUS,37.7621,-122.3971,US,AS13335 Cloudflare  Inc.
2025-09-15 13:50:44,2.18.188.97,6,5,SUSPICIOUS,40.4165,-3.7026,ES,AS20940 Akamai International B.V.
2025-09-15 13:50:48,149.154.167.220,6,5,SUSPICIOUS,51.5081,-0.1278,United Kingdom,Telegram Messenger Inc
2025-09-15 13:50:50,104.46.162.226,37,5,SUSPICIOUS,-37.814,144.9633,AU,AS8075 Microsoft Corporation
2025-09-15 13:50:52,149.154.167.92,6,5,SUSPICIOUS,51.5081,-0.1278,United Kingdom,Telegram Messenger Inc
2025-09-15 13:50:56,142.250.184.174,6,5,SUSPICIOUS,40.4165,-3.7026,ES,AS15169 Google LLC
2025-09-15 13:51:02,2.18.188.97,6,5,SUSPICIOUS,40.4165,-3.7026,ES,AS20940 Akamai International B.V.
2025-09-15 13:51:03,149.154.167.220,15,5,SUSPICIOUS,51.5081,-0.1278,United Kingdom,Telegram Messenger Inc
2025-09-15 13:51:05,104.46.162.226,9,5,SUSPICIOUS,-37.814,144.9633,AU,AS8075 Microsoft Corporation
2025-09-15 13:51:07,34.117.59.81,6,5,SUSPICIOUS,38.9296,-94.5009,United States,GOOGLE-CLOUD-PLATFORM
2025-09-15 13:51:09,104.26.12.38,6,5,SUSPICIOUS,37.7621,-122.3971,US,AS13335 Cloudflare  Inc.
2025-09-15 16:56:42,2.18.188.97,6,5,SUSPICIOUS,40.4165,-3.7026,ES,AS20940 Akamai International B.V.
2025-09-15 16:56:43,142.250.184.1,6,5,SUSPICIOUS,,,,
2025-09-15 16:56:43,163.117.131.60,6,5,SUSPICIOUS,40.321,-3.7225,Spain,Entidad Publica Empresarial Red.es
2025-09-15 16:56:44,216.58.215.164,6,5,SUSPICIOUS,,,,
2025-09-15 16:56:44,163.117.18.60,6,5,SUSPICIOUS,40.321,-3.7225,Spain,Entidad Publica Empresarial Red.es
2025-09-15 16:56:46,142.250.184.161,6,5,SUSPICIOUS,,,,
2025-09-15 16:56:47,52.222.132.35,6,5,SUSPICIOUS,,,,
2025-09-15 16:56:48,52.92.35.242,6,5,SUSPICIOUS,,,,
2025-09-15 16:56:49,18.213.17.142,6,5,SUSPICIOUS,,,,
2025-09-15 16:56:49,172.217.168.162,6,5,SUSPICIOUS,,,,
2025-09-15 16:56:50,142.250.201.66,6,5,SUSPICIOUS,,,,
2025-09-15 16:56:50,35.190.0.66,6,5,SUSPICIOUS,,,,
2025-09-15 16:56:51,35.186.193.173,6,5,SUSPICIOUS,,,,
2025-09-15 16:56:51,142.250.185.2,6,5,SUSPICIOUS,,,,
2025-09-15 16:56:51,198.47.127.19,6,5,SUSPICIOUS,,,,
2025-09-15 16:56:52,149.154.167.220,6,5,SUSPICIOUS,51.5081,-0.1278,United Kingdom,Telegram Messenger Inc
2025-09-15 16:56:52,142.250.200.110,6,5,SUSPICIOUS,,,,
2025-09-15 16:56:53,4.231.128.59,6,5,SUSPICIOUS,,,,
2025-09-15 16:56:53,142.250.184.174,6,5,SUSPICIOUS,40.4165,-3.7026,ES,AS15169 Google LLC
2025-09-15 16:56:53,4.207.247.137,6,5,SUSPICIOUS,,,,
2025-09-15 16:56:53,37.252.171.85,6,5,SUSPICIOUS,,,,
2025-09-15 16:56:55,23.43.249.6,6,5,SUSPICIOUS,,,,
2025-09-15 16:56:56,52.17.209.150,6,5,SUSPICIOUS,,,,
2025-09-15 18:28:30,13.224.83.105,6,5,SUSPICIOUS,40.4165,-3.7026,ES,AS16509 Amazon.com  Inc.
2025-09-15 18:28:33,100.90.1.1,6,5,SUSPICIOUS,,,,
2025-09-15 18:28:37,34.159.227.151,6,5,SUSPICIOUS,50.1159,8.6702,Germany,GOOGLE-CLOUD-PLATFORM
2025-09-15 18:28:39,34.117.59.81,6,5,SUSPICIOUS,38.9296,-94.5009,United States,GOOGLE-CLOUD-PLATFORM
2025-09-15 18:28:44,20.42.65.91,6,5,SUSPICIOUS,38.7135,-78.1594,US,AS8075 Microsoft Corporation
2025-09-15 18:28:48,149.154.167.92,6,5,SUSPICIOUS,51.5081,-0.1278,United Kingdom,Telegram Messenger Inc
2025-09-15 18:28:52,100.90.1.1,6,5,SUSPICIOUS,,,,
2025-09-15 18:28:55,151.101.134.217,6,5,SUSPICIOUS,40.4165,-3.7026,ES,AS54113 Fastly  Inc.
2025-09-15 18:29:01,20.42.65.91,6,5,SUSPICIOUS,38.7135,-78.1594,US,AS8075 Microsoft Corporation
2025-09-15 18:29:03,34.117.59.81,6,5,SUSPICIOUS,38.9296,-94.5009,United States,GOOGLE-CLOUD-PLATFORM
2025-09-15 18:29:06,149.154.167.92,6,5,SUSPICIOUS,51.5081,-0.1278,United Kingdom,Telegram Messenger Inc
2025-09-15 18:29:17,204.79.197.203,6,5,SUSPICIOUS,47.674,-122.1215,US,AS8068 Microsoft Corporation
2025-09-15 18:29:20,34.117.59.81,6,5,SUSPICIOUS,38.9296,-94.5009,United States,GOOGLE-CLOUD-PLATFORM
2025-09-15 18:29:22,20.42.65.91,6,5,SUSPICIOUS,38.7135,-78.1594,US,AS8075 Microsoft Corporation
2025-09-15 18:29:25,51.104.15.252,6,5,SUSPICIOUS,51.5085,-0.1257,GB,AS8075 Microsoft Corporation
2025-09-15 18:29:28,149.154.167.92,6,5,SUSPICIOUS,51.5081,-0.1278,United Kingdom,Telegram Messenger Inc
2025-09-15 18:29:30,100.90.1.1,6,5,SUSPICIOUS,,,,
2025-09-15 18:34:36,34.159.227.151,6,5,SUSPICIOUS,50.1159,8.6702,Germany,GOOGLE-CLOUD-PLATFORM
2025-09-15 18:34:38,100.90.1.1,6,5,SUSPICIOUS,,,,
2025-09-15 18:34:41,40.79.167.8,6,5,SUSPICIOUS,-33.8678,151.2073,AU,AS8075 Microsoft Corporation
2025-09-15 18:34:44,34.117.59.81,6,5,SUSPICIOUS,38.9296,-94.5009,United States,GOOGLE-CLOUD-PLATFORM
2025-09-15 18:34:48,199.232.34.217,6,5,SUSPICIOUS,40.4165,-3.7026,ES,AS54113 Fastly  Inc.
2025-09-15 18:34:53,34.159.227.151,6,5,SUSPICIOUS,50.1159,8.6702,Germany,GOOGLE-CLOUD-PLATFORM
2025-09-15 18:34:55,40.79.167.8,32,5,SUSPICIOUS,-33.8678,151.2073,AU,AS8075 Microsoft Corporation
2025-09-15 18:35:11,34.159.227.151,6,5,SUSPICIOUS,50.1159,8.6702,Germany,GOOGLE-CLOUD-PLATFORM
2025-09-15 18:35:14,40.79.167.8,6,5,SUSPICIOUS,-33.8678,151.2073,AU,AS8075 Microsoft Corporation
2025-09-15 18:35:31,34.159.227.151,6,5,SUSPICIOUS,50.1159,8.6702,Germany,GOOGLE-CLOUD-PLATFORM
2025-09-15 18:35:36,20.42.73.25,6,5,SUSPICIOUS,38.7135,-78.1594,US,AS8075 Microsoft Corporation
2025-09-15 18:35:40,34.117.59.81,6,5,SUSPICIOUS,38.9296,-94.5009,United States,GOOGLE-CLOUD-PLATFORM
2025-09-15 18:35:47,34.159.227.151,6,5,SUSPICIOUS,50.1159,8.6702,Germany,GOOGLE-CLOUD-PLATFORM
2025-09-15 18:35:50,20.42.73.25,6,5,SUSPICIOUS,38.7135,-78.1594,US,AS8075 Microsoft Corporation
2025-09-15 18:36:02,34.159.227.151,6,5,SUSPICIOUS,50.1159,8.6702,Germany,GOOGLE-CLOUD-PLATFORM
2025-09-15 18:36:05,20.42.73.25,6,5,SUSPICIOUS,38.7135,-78.1594,US,AS8075 Microsoft Corporation
2025-09-15 18:36:12,100.90.1.1,6,5,SUSPICIOUS,,,,
2025-09-15 18:36:15,34.36.137.203,6,5,SUSPICIOUS,39.0997,-94.5786,US,AS396982 Google LLC
2025-09-15 18:36:19,79.127.216.204,6,5,SUSPICIOUS,50.1155,8.6842,DE,AS60068 Datacamp Limited
2025-09-15 18:36:22,34.117.59.81,6,5,SUSPICIOUS,38.9296,-94.5009,United States,GOOGLE-CLOUD-PLATFORM
2025-09-15 18:36:24,79.116.255.43,6,5,SUSPICIOUS,40.4165,-3.7026,ES,AS57269 DIGI SPAIN TELECOM S.L.
2025-09-15 18:36:27,20.42.73.25,6,5,SUSPICIOUS,38.7135,-78.1594,US,AS8075 Microsoft Corporation
2025-09-15 18:36:28,34.159.227.151,6,5,SUSPICIOUS,50.1159,8.6702,Germany,GOOGLE-CLOUD-PLATFORM
2025-09-15 18:36:30,100.90.1.1,6,5,SUSPICIOUS,,,,
2025-09-15 18:36:31,149.154.167.92,6,5,SUSPICIOUS,51.5081,-0.1278,United Kingdom,Telegram Messenger Inc
2025-09-15 18:36:47,34.159.227.151,6,5,SUSPICIOUS,50.1159,8.6702,Germany,GOOGLE-CLOUD-PLATFORM
2025-09-15 18:36:51,20.44.10.123,6,5,SUSPICIOUS,41.6005,-93.6091,US,AS8075 Microsoft Corporation
2025-09-15 18:36:54,34.117.59.81,6,5,SUSPICIOUS,38.9296,-94.5009,United States,GOOGLE-CLOUD-PLATFORM
2025-09-15 18:37:02,34.159.227.151,9,5,SUSPICIOUS,50.1159,8.6702,Germany,GOOGLE-CLOUD-PLATFORM
2025-09-15 18:37:05,20.44.10.123,9,5,SUSPICIOUS,41.6005,-93.6091,US,AS8075 Microsoft Corporation
2025-09-15 18:37:32,34.159.227.151,6,5,SUSPICIOUS,50.1159,8.6702,Germany,GOOGLE-CLOUD-PLATFORM
2025-09-15 18:37:35,20.44.10.123,6,5,SUSPICIOUS,41.6005,-93.6091,US,AS8075 Microsoft Corporation
2025-09-15 18:37:47,34.159.227.151,6,5,SUSPICIOUS,50.1159,8.6702,Germany,GOOGLE-CLOUD-PLATFORM
2025-09-15 18:37:50,20.44.10.123,6,5,SUSPICIOUS,41.6005,-93.6091,US,AS8075 Microsoft Corporation
2025-09-15 18:38:13,34.159.227.151,6,5,SUSPICIOUS,50.1159,8.6702,Germany,GOOGLE-CLOUD-PLATFORM
2025-09-15 18:38:17,51.105.71.137,6,5,SUSPICIOUS,51.5085,-0.1257,GB,AS8075 Microsoft Corporation
2025-09-15 18:38:21,34.117.59.81,6,5,BLOCKED,38.9296,-94.5009,United States,GOOGLE-CLOUD-PLATFORM
2025-09-15 18:38:29,34.159.227.151,6,5,SUSPICIOUS,50.1159,8.6702,Germany,GOOGLE-CLOUD-PLATFORM
2025-09-15 18:38:44,34.159.227.151,6,5,SUSPICIOUS,50.1159,8.6702,Germany,GOOGLE-CLOUD-PLATFORM
2025-09-15 18:38:46,51.105.71.137,6,5,SUSPICIOUS,51.5085,-0.1257,GB,AS8075 Microsoft Corporation
2025-09-15 18:38:59,34.159.227.151,6,5,SUSPICIOUS,50.1159,8.6702,Germany,GOOGLE-CLOUD-PLATFORM
2025-09-15 18:39:02,51.105.71.137,6,5,SUSPICIOUS,51.5085,-0.1257,GB,AS8075 Microsoft Corporation
2025-09-15 18:39:14,34.159.227.151,6,5,SUSPICIOUS,50.1159,8.6702,Germany,GOOGLE-CLOUD-PLATFORM
2025-09-15 18:39:18,20.189.173.16,6,5,SUSPICIOUS,37.3394,-121.895,US,AS8075 Microsoft Corporation
2025-09-15 18:39:21,34.117.59.81,6,5,BLOCKED,38.9296,-94.5009,United States,GOOGLE-CLOUD-PLATFORM
2025-09-15 18:39:29,149.154.167.92,6,5,SUSPICIOUS,51.5081,-0.1278,United Kingdom,Telegram Messenger Inc
2025-09-15 18:39:30,34.159.227.151,6,5,SUSPICIOUS,50.1159,8.6702,Germany,GOOGLE-CLOUD-PLATFORM
2025-09-15 18:39:59,34.159.227.151,6,5,SUSPICIOUS,50.1159,8.6702,Germany,GOOGLE-CLOUD-PLATFORM
2025-09-15 18:40:02,20.189.173.16,6,5,SUSPICIOUS,37.3394,-121.895,US,AS8075 Microsoft Corporation
2025-09-15 18:40:14,34.159.227.151,9,5,SUSPICIOUS,50.1159,8.6702,Germany,GOOGLE-CLOUD-PLATFORM
2025-09-15 18:40:18,20.189.173.16,6,5,SUSPICIOUS,37.3394,-121.895,US,AS8075 Microsoft Corporation
2025-09-15 18:40:21,20.42.65.84,6,5,SUSPICIOUS,38.7135,-78.1594,US,AS8075 Microsoft Corporation
2025-09-15 18:40:24,34.117.59.81,6,5,BLOCKED,38.9296,-94.5009,United States,GOOGLE-CLOUD-PLATFORM
2025-09-15 18:40:43,34.159.227.151,6,5,SUSPICIOUS,50.1159,8.6702,Germany,GOOGLE-CLOUD-PLATFORM
2025-09-15 18:40:46,20.42.65.84,6,5,SUSPICIOUS,38.7135,-78.1594,US,AS8075 Microsoft Corporation
2025-09-15 18:40:58,34.159.227.151,10,5,SUSPICIOUS,50.1159,8.6702,Germany,GOOGLE-CLOUD-PLATFORM
2025-09-15 18:41:01,20.42.65.84,10,5,SUSPICIOUS,38.7135,-78.1594,US,AS8075 Microsoft Corporation
2025-09-15 18:41:23,100.90.1.1,6,5,SUSPICIOUS,,,,
2025-09-15 18:41:26,20.189.173.24,6,5,SUSPICIOUS,37.3394,-121.895,US,AS8075 Microsoft Corporation
2025-09-15 18:41:29,34.159.227.151,6,5,SUSPICIOUS,50.1159,8.6702,Germany,GOOGLE-CLOUD-PLATFORM
2025-09-15 18:41:58,34.159.227.151,6,5,SUSPICIOUS,50.1159,8.6702,Germany,GOOGLE-CLOUD-PLATFORM
2025-09-15 18:42:01,20.189.173.24,6,5,SUSPICIOUS,37.3394,-121.895,US,AS8075 Microsoft Corporation
2025-09-15 18:42:13,34.159.227.151,6,5,SUSPICIOUS,50.1159,8.6702,Germany,GOOGLE-CLOUD-PLATFORM
2025-09-15 18:42:16,20.189.173.24,6,5,SUSPICIOUS,37.3394,-121.895,US,AS8075 Microsoft Corporation
2025-09-15 18:42:28,34.159.227.151,6,5,SUSPICIOUS,50.1159,8.6702,Germany,GOOGLE-CLOUD-PLATFORM
2025-09-15 18:42:31,20.189.173.3,6,5,SUSPICIOUS,,,,
2025-09-15 18:42:34,100.90.1.1,6,5,SUSPICIOUS,,,,
2025-09-15 18:42:43,34.159.227.151,9,5,SUSPICIOUS,50.1159,8.6702,Germany,GOOGLE-CLOUD-PLATFORM
2025-09-15 18:42:46,20.189.173.3,6,5,SUSPICIOUS,,,,
2025-09-15 18:42:58,34.159.227.151,7,5,SUSPICIOUS,50.1159,8.6702,Germany,GOOGLE-CLOUD-PLATFORM
2025-09-15 18:43:01,20.189.173.3,6,5,SUSPICIOUS,,,,
2025-09-15 18:43:04,100.90.1.1,6,5,SUSPICIOUS,,,,
2025-09-15 18:43:06,140.82.121.5,6,5,SUSPICIOUS,,,,
2025-09-15 18:43:09,104.26.14.40,6,5,SUSPICIOUS,,,,
2025-09-15 18:43:10,140.82.121.3,6,5,SUSPICIOUS,50.1155,8.6842,DE,AS36459 GitHub  Inc.
2025-09-15 18:43:14,34.159.227.151,6,5,SUSPICIOUS,50.1159,8.6702,Germany,GOOGLE-CLOUD-PLATFORM
2025-09-15 18:43:15,149.154.167.92,6,5,SUSPICIOUS,51.5081,-0.1278,United Kingdom,Telegram Messenger Inc
2025-09-15 18:43:18,20.189.173.3,35,5,SUSPICIOUS,,,,
2025-09-15 18:43:28,140.82.112.21,6,5,SUSPICIOUS,,,,
2025-09-15 18:43:31,34.159.227.151,6,5,SUSPICIOUS,50.1159,8.6702,Germany,GOOGLE-CLOUD-PLATFORM
2025-09-15 18:43:33,20.189.173.3,6,5,SUSPICIOUS,,,,
2025-09-15 18:43:43,140.82.121.5,6,5,SUSPICIOUS,,,,
2025-09-15 18:43:48,104.208.16.89,6,5,SUSPICIOUS,41.6005,-93.6091,US,AS8075 Microsoft Corporation
2025-09-15 18:43:51,34.117.59.81,6,5,BLOCKED,38.9296,-94.5009,United States,GOOGLE-CLOUD-PLATFORM
2025-09-15 18:43:52,100.90.1.1,6,5,SUSPICIOUS,,,,
2025-09-15 18:43:59,34.159.227.151,6,5,SUSPICIOUS,50.1159,8.6702,Germany,GOOGLE-CLOUD-PLATFORM
2025-09-15 18:44:02,104.208.16.89,6,5,SUSPICIOUS,41.6005,-93.6091,US,AS8075 Microsoft Corporation
2025-09-15 18:44:14,34.159.227.151,9,5,SUSPICIOUS,50.1159,8.6702,Germany,GOOGLE-CLOUD-PLATFORM
2025-09-15 18:44:18,104.208.16.89,16,5,SUSPICIOUS,41.6005,-93.6091,US,AS8075 Microsoft Corporation
2025-09-15 18:44:43,34.159.227.151,6,5,SUSPICIOUS,50.1159,8.6702,Germany,GOOGLE-CLOUD-PLATFORM
2025-09-15 18:44:46,100.90.1.1,6,5,SUSPICIOUS,,,,
2025-09-15 18:44:51,20.50.73.11,6,5,SUSPICIOUS,53.3331,-6.2489,IE,AS8075 Microsoft Corporation
2025-09-15 18:44:55,34.117.59.81,6,5,BLOCKED,38.9296,-94.5009,United States,GOOGLE-CLOUD-PLATFORM
2025-09-15 18:44:59,149.154.167.92,6,5,SUSPICIOUS,51.5081,-0.1278,United Kingdom,Telegram Messenger Inc
2025-09-15 18:45:06,34.159.227.151,6,5,SUSPICIOUS,50.1159,8.6702,Germany,GOOGLE-CLOUD-PLATFORM
2025-09-15 18:45:12,20.50.73.11,6,5,SUSPICIOUS,53.3331,-6.2489,IE,AS8075 Microsoft Corporation
2025-09-15 19:28:17,100.90.1.1,6,5,SUSPICIOUS,,,,
2025-09-15 19:28:19,34.159.227.151,6,5,SUSPICIOUS,50.1159,8.6702,Germany,GOOGLE-CLOUD-PLATFORM
2025-09-15 19:28:20,52.182.143.213,6,5,SUSPICIOUS,41.6005,-93.6091,US,AS8075 Microsoft Corporation
2025-09-15 19:28:31,199.232.34.217,6,5,SUSPICIOUS,40.4165,-3.7026,ES,AS54113 Fastly  Inc.
2025-09-15 19:28:37,34.159.227.151,6,5,SUSPICIOUS,50.1159,8.6702,Germany,GOOGLE-CLOUD-PLATFORM
2025-09-15 19:28:38,52.182.143.213,16,5,SUSPICIOUS,41.6005,-93.6091,US,AS8075 Microsoft Corporation
2025-09-15 19:28:55,34.159.227.151,6,5,SUSPICIOUS,50.1159,8.6702,Germany,GOOGLE-CLOUD-PLATFORM
2025-09-15 19:28:58,52.182.143.213,6,5,SUSPICIOUS,41.6005,-93.6091,US,AS8075 Microsoft Corporation
2025-09-15 19:29:15,34.159.227.151,6,5,SUSPICIOUS,50.1159,8.6702,Germany,GOOGLE-CLOUD-PLATFORM
2025-09-15 19:29:18,52.182.143.213,6,5,SUSPICIOUS,41.6005,-93.6091,US,AS8075 Microsoft Corporation
2025-09-15 19:29:27,100.90.1.1,6,5,SUSPICIOUS,,,,
2025-09-15 19:29:35,51.137.3.145,6,5,SUSPICIOUS,52.374,4.8897,NL,AS8075 Microsoft Corporation
2025-09-15 19:29:42,100.90.1.1,6,5,SUSPICIOUS,,,,
2025-09-15 19:29:45,20.190.177.82,6,5,SUSPICIOUS,48.8534,2.3488,FR,AS8075 Microsoft Corporation
2025-09-15 19:29:48,34.159.227.151,6,5,SUSPICIOUS,50.1159,8.6702,Germany,GOOGLE-CLOUD-PLATFORM
2025-09-15 19:29:50,34.117.59.81,6,5,BLOCKED,38.9296,-94.5009,United States,GOOGLE-CLOUD-PLATFORM
2025-09-15 19:29:51,20.189.173.25,6,5,SUSPICIOUS,37.3394,-121.895,US,AS8075 Microsoft Corporation
2025-09-15 19:29:54,149.154.167.92,6,5,SUSPICIOUS,51.5081,-0.1278,United Kingdom,Telegram Messenger Inc
2025-09-15 19:30:06,34.159.227.151,6,5,SUSPICIOUS,50.1159,8.6702,Germany,GOOGLE-CLOUD-PLATFORM
2025-09-15 19:30:09,20.189.173.25,6,5,SUSPICIOUS,37.3394,-121.895,US,AS8075 Microsoft Corporation
2025-09-15 19:30:25,34.159.227.151,6,5,SUSPICIOUS,50.1159,8.6702,Germany,GOOGLE-CLOUD-PLATFORM
2025-09-15 19:30:28,52.182.143.208,6,5,SUSPICIOUS,41.6005,-93.6091,US,AS8075 Microsoft Corporation
2025-09-15 19:30:30,100.90.1.1,6,5,SUSPICIOUS,,,,
2025-09-15 19:30:44,34.159.227.151,6,5,SUSPICIOUS,50.1159,8.6702,Germany,GOOGLE-CLOUD-PLATFORM
2025-09-15 19:30:47,52.182.143.208,6,5,SUSPICIOUS,41.6005,-93.6091,US,AS8075 Microsoft Corporation
2025-09-15 19:31:02,34.159.227.151,6,5,SUSPICIOUS,50.1159,8.6702,Germany,GOOGLE-CLOUD-PLATFORM
2025-09-15 19:31:05,20.189.172.73,6,5,SUSPICIOUS,37.3394,-121.895,US,AS8075 Microsoft Corporation
2025-09-15 19:31:07,100.90.1.1,6,5,SUSPICIOUS,,,,
2025-09-15 19:31:08,52.182.143.208,6,5,SUSPICIOUS,41.6005,-93.6091,US,AS8075 Microsoft Corporation
2025-09-15 19:31:09,34.117.59.81,6,5,BLOCKED,38.9296,-94.5009,United States,GOOGLE-CLOUD-PLATFORM
2025-09-15 19:31:21,34.159.227.151,6,5,SUSPICIOUS,50.1159,8.6702,Germany,GOOGLE-CLOUD-PLATFORM
2025-09-15 19:31:24,52.182.143.208,6,5,SUSPICIOUS,41.6005,-93.6091,US,AS8075 Microsoft Corporation
2025-09-15 19:31:26,20.189.172.73,6,5,SUSPICIOUS,37.3394,-121.895,US,AS8075 Microsoft Corporation
2025-09-15 19:31:29,20.42.65.94,6,5,SUSPICIOUS,38.7095,-78.1539,United States,MICROSOFT-CORP-MSN-AS-BLOCK
2025-09-15 19:31:41,34.159.227.151,6,5,SUSPICIOUS,50.1159,8.6702,Germany,GOOGLE-CLOUD-PLATFORM
2025-09-15 19:31:42,34.107.243.93,6,5,SUSPICIOUS,39.0997,-94.5786,US,AS396982 Google LLC
2025-09-15 19:31:44,100.90.1.1,6,5,SUSPICIOUS,,,,
2025-09-15 19:31:45,20.42.65.94,6,5,SUSPICIOUS,38.7095,-78.1539,United States,MICROSOFT-CORP-MSN-AS-BLOCK
2025-09-15 19:32:00,34.159.227.151,6,5,SUSPICIOUS,50.1159,8.6702,Germany,GOOGLE-CLOUD-PLATFORM
2025-09-15 19:32:03,20.42.65.94,6,5,SUSPICIOUS,38.7095,-78.1539,United States,MICROSOFT-CORP-MSN-AS-BLOCK
2025-09-15 19:32:19,34.159.227.151,6,5,SUSPICIOUS,50.1159,8.6702,Germany,GOOGLE-CLOUD-PLATFORM
2025-09-15 19:32:22,20.42.65.94,6,5,SUSPICIOUS,38.7095,-78.1539,United States,MICROSOFT-CORP-MSN-AS-BLOCK
2025-09-15 19:32:38,34.159.227.151,6,5,SUSPICIOUS,50.1159,8.6702,Germany,GOOGLE-CLOUD-PLATFORM
2025-09-15 19:32:40,100.90.1.1,6,5,SUSPICIOUS,,,,
2025-09-15 19:32:41,51.116.253.170,6,5,SUSPICIOUS,50.1155,8.6842,DE,AS8075 Microsoft Corporation
2025-09-15 19:32:43,34.117.59.81,6,5,BLOCKED,38.9296,-94.5009,United States,GOOGLE-CLOUD-PLATFORM
2025-09-15 19:32:57,34.159.227.151,6,5,SUSPICIOUS,50.1159,8.6702,Germany,GOOGLE-CLOUD-PLATFORM
2025-09-15 19:32:59,51.116.253.170,6,5,SUSPICIOUS,50.1155,8.6842,DE,AS8075 Microsoft Corporation
2025-09-15 19:33:16,34.159.227.151,6,5,SUSPICIOUS,50.1159,8.6702,Germany,GOOGLE-CLOUD-PLATFORM
2025-09-15 19:33:18,51.116.253.170,6,5,SUSPICIOUS,50.1155,8.6842,DE,AS8075 Microsoft Corporation
2025-09-15 19:33:34,34.159.227.151,6,5,SUSPICIOUS,50.1159,8.6702,Germany,GOOGLE-CLOUD-PLATFORM
2025-09-15 19:33:37,51.116.253.170,6,5,SUSPICIOUS,50.1155,8.6842,DE,AS8075 Microsoft Corporation
2025-09-15 19:33:54,34.159.227.151,6,5,SUSPICIOUS,50.1159,8.6702,Germany,GOOGLE-CLOUD-PLATFORM
2025-09-15 19:33:56,100.90.1.1,6,5,SUSPICIOUS,,,,
2025-09-15 19:33:57,51.116.253.170,6,5,SUSPICIOUS,50.1155,8.6842,DE,AS8075 Microsoft Corporation
2025-09-15 19:34:07,72.154.7.16,6,5,SUSPICIOUS,47.1301,-119.2781,US,AS8075 Microsoft Corporation
2025-09-15 19:34:09,2.23.30.52,6,5,SUSPICIOUS,40.4165,-3.7026,ES,AS16625 Akamai Technologies  Inc.
2025-09-15 19:34:11,100.90.1.1,6,5,SUSPICIOUS,,,,
2025-09-15 19:34:13,34.159.227.151,6,5,SUSPICIOUS,50.1159,8.6702,Germany,GOOGLE-CLOUD-PLATFORM
2025-09-15 19:34:15,34.117.59.81,6,5,BLOCKED,38.9296,-94.5009,United States,GOOGLE-CLOUD-PLATFORM
2025-09-15 19:34:18,20.189.173.23,6,5,SUSPICIOUS,37.3394,-121.895,US,AS8075 Microsoft Corporation
2025-09-15 19:34:28,34.159.227.151,9,5,SUSPICIOUS,50.1159,8.6702,Germany,GOOGLE-CLOUD-PLATFORM
2025-09-15 19:34:29,2.23.30.52,6,5,SUSPICIOUS,40.4165,-3.7026,ES,AS16625 Akamai Technologies  Inc.
2025-09-15 19:34:30,100.90.1.1,6,5,SUSPICIOUS,,,,
2025-09-15 19:34:33,20.44.10.123,6,5,SUSPICIOUS,41.6005,-93.6091,US,AS8075 Microsoft Corporation
2025-09-15 19:34:35,20.189.173.23,6,5,SUSPICIOUS,37.3394,-121.895,US,AS8075 Microsoft Corporation
2025-09-15 19:34:48,34.159.227.151,6,5,SUSPICIOUS,50.1159,8.6702,Germany,GOOGLE-CLOUD-PLATFORM
2025-09-15 19:34:50,20.189.173.23,6,5,SUSPICIOUS,37.3394,-121.895,US,AS8075 Microsoft Corporation
2025-09-15 19:35:07,34.159.227.151,6,5,SUSPICIOUS,50.1159,8.6702,Germany,GOOGLE-CLOUD-PLATFORM
2025-09-15 19:35:09,100.90.1.1,6,5,SUSPICIOUS,,,,
2025-09-15 19:35:11,52.168.117.175,6,5,SUSPICIOUS,38.7135,-78.1594,US,AS8075 Microsoft Corporation
2025-09-15 19:35:12,34.117.59.81,6,5,BLOCKED,38.9296,-94.5009,United States,GOOGLE-CLOUD-PLATFORM
2025-09-15 19:35:26,34.159.227.151,6,5,SUSPICIOUS,50.1159,8.6702,Germany,GOOGLE-CLOUD-PLATFORM
2025-09-15 19:35:28,52.168.117.175,6,5,SUSPICIOUS,38.7135,-78.1594,US,AS8075 Microsoft Corporation
2025-09-15 19:35:44,34.159.227.151,6,5,SUSPICIOUS,50.1159,8.6702,Germany,GOOGLE-CLOUD-PLATFORM
2025-09-15 19:35:47,52.168.117.175,6,5,SUSPICIOUS,38.7135,-78.1594,US,AS8075 Microsoft Corporation
2025-09-15 19:35:55,2.23.30.52,6,5,SUSPICIOUS,40.4165,-3.7026,ES,AS16625 Akamai Technologies  Inc.
2025-09-15 19:35:57,100.90.1.1,6,5,SUSPICIOUS,,,,
2025-09-15 19:36:03,34.159.227.151,6,5,SUSPICIOUS,50.1159,8.6702,Germany,GOOGLE-CLOUD-PLATFORM
2025-09-15 19:36:06,52.168.117.175,6,5,SUSPICIOUS,38.7135,-78.1594,US,AS8075 Microsoft Corporation
2025-09-15 19:36:13,100.90.1.1,6,5,SUSPICIOUS,,,,
2025-09-15 19:36:14,34.36.137.203,6,5,SUSPICIOUS,39.0997,-94.5786,US,AS396982 Google LLC
2025-09-15 19:36:16,20.42.73.27,6,5,SUSPICIOUS,38.7135,-78.1594,US,AS8075 Microsoft Corporation
2025-09-15 19:36:18,34.117.59.81,6,5,BLOCKED,38.9296,-94.5009,United States,GOOGLE-CLOUD-PLATFORM
2025-09-15 19:36:20,34.159.227.151,6,5,SUSPICIOUS,50.1159,8.6702,Germany,GOOGLE-CLOUD-PLATFORM
2025-09-15 19:36:35,34.159.227.151,6,5,SUSPICIOUS,50.1159,8.6702,Germany,GOOGLE-CLOUD-PLATFORM
2025-09-15 19:36:37,20.42.73.27,6,5,SUSPICIOUS,38.7135,-78.1594,US,AS8075 Microsoft Corporation
2025-09-15 19:36:54,34.159.227.151,6,5,SUSPICIOUS,50.1159,8.6702,Germany,GOOGLE-CLOUD-PLATFORM
2025-09-15 19:36:57,20.42.73.27,6,5,SUSPICIOUS,38.7135,-78.1594,US,AS8075 Microsoft Corporation
2025-09-15 19:37:13,34.159.227.151,6,5,SUSPICIOUS,50.1159,8.6702,Germany,GOOGLE-CLOUD-PLATFORM
2025-09-15 19:37:16,20.42.73.25,6,5,SUSPICIOUS,38.7135,-78.1594,US,AS8075 Microsoft Corporation
2025-09-15 19:37:31,34.159.227.151,6,5,SUSPICIOUS,50.1159,8.6702,Germany,GOOGLE-CLOUD-PLATFORM
2025-09-15 19:37:34,20.42.73.25,6,5,SUSPICIOUS,38.7135,-78.1594,US,AS8075 Microsoft Corporation
2025-09-15 19:37:50,34.159.227.151,6,5,SUSPICIOUS,50.1159,8.6702,Germany,GOOGLE-CLOUD-PLATFORM
2025-09-15 19:37:53,20.42.73.25,6,5,SUSPICIOUS,38.7135,-78.1594,US,AS8075 Microsoft Corporation
2025-09-15 19:38:09,34.159.227.151,6,5,SUSPICIOUS,50.1159,8.6702,Germany,GOOGLE-CLOUD-PLATFORM
2025-09-15 19:38:11,20.42.73.25,6,5,SUSPICIOUS,38.7135,-78.1594,US,AS8075 Microsoft Corporation
2025-09-15 19:38:28,34.159.227.151,6,5,SUSPICIOUS,50.1159,8.6702,Germany,GOOGLE-CLOUD-PLATFORM
2025-09-15 19:38:47,34.159.227.151,6,5,SUSPICIOUS,50.1159,8.6702,Germany,GOOGLE-CLOUD-PLATFORM
2025-09-15 19:38:49,20.42.73.25,6,5,SUSPICIOUS,38.7135,-78.1594,US,AS8075 Microsoft Corporation
2025-09-15 19:39:05,34.159.227.151,6,5,SUSPICIOUS,50.1159,8.6702,Germany,GOOGLE-CLOUD-PLATFORM
2025-09-15 19:39:24,34.159.227.151,6,5,SUSPICIOUS,50.1159,8.6702,Germany,GOOGLE-CLOUD-PLATFORM
2025-09-15 19:39:29,149.154.167.92,6,5,SUSPICIOUS,51.5081,-0.1278,United Kingdom,Telegram Messenger Inc
2025-09-15 19:39:31,20.42.73.25,6,5,SUSPICIOUS,38.7135,-78.1594,US,AS8075 Microsoft Corporation
2025-09-15 19:39:41,100.90.1.1,6,5,SUSPICIOUS,,,,
2025-09-15 19:39:44,34.159.227.151,6,5,SUSPICIOUS,50.1159,8.6702,Germany,GOOGLE-CLOUD-PLATFORM
2025-09-15 19:40:03,34.159.227.151,6,5,SUSPICIOUS,50.1159,8.6702,Germany,GOOGLE-CLOUD-PLATFORM
2025-09-15 19:40:06,20.189.173.10,6,5,SUSPICIOUS,37.3394,-121.895,US,AS8075 Microsoft Corporation
2025-09-15 19:40:08,34.117.59.81,6,5,BLOCKED,38.9296,-94.5009,United States,GOOGLE-CLOUD-PLATFORM
2025-09-15 19:40:09,100.90.1.1,6,5,SUSPICIOUS,,,,
2025-09-15 19:40:23,34.159.227.151,6,5,SUSPICIOUS,50.1159,8.6702,Germany,GOOGLE-CLOUD-PLATFORM
2025-09-15 19:40:25,20.189.173.10,6,5,SUSPICIOUS,37.3394,-121.895,US,AS8075 Microsoft Corporation
2025-09-15 21:20:07,20.189.173.10,6,5,SUSPICIOUS,37.3394,-121.895,US,AS8075 Microsoft Corporation
2025-09-15 21:20:11,20.13.204.76,6,5,SUSPICIOUS,53.3331,-6.2489,IE,AS8075 Microsoft Corporation
2025-09-15 21:20:15,20.103.156.88,6,5,SUSPICIOUS,52.374,4.8897,NL,AS8075 Microsoft Corporation
2025-09-15 21:20:20,20.31.169.57,6,5,SUSPICIOUS,52.374,4.8897,NL,AS8075 Microsoft Corporation
2025-09-15 21:20:22,100.90.1.1,6,5,SUSPICIOUS,,,,
2025-09-15 21:20:24,4.207.247.139,6,5,SUSPICIOUS,53.3331,-6.2489,IE,AS8075 Microsoft Corporation
2025-09-15 21:20:27,96.16.86.12,6,5,SUSPICIOUS,40.4165,-3.7026,ES,AS20940 Akamai International B.V.
2025-09-15 21:20:32,100.100.1.1,6,5,SUSPICIOUS,,,,
2025-09-15 21:20:35,52.168.112.66,6,5,SUSPICIOUS,38.7135,-78.1594,US,AS8075 Microsoft Corporation
2025-09-15 21:20:37,100.90.1.1,9,5,SUSPICIOUS,,,,
2025-09-15 21:20:38,4.207.247.139,9,5,SUSPICIOUS,53.3331,-6.2489,IE,AS8075 Microsoft Corporation
2025-09-15 21:20:41,184.24.0.227,6,5,SUSPICIOUS,40.4165,-3.7026,ES,AS16625 Akamai Technologies  Inc.
2025-09-15 21:20:45,79.116.255.35,6,5,SUSPICIOUS,40.4165,-3.7026,ES,AS57269 DIGI SPAIN TELECOM S.L.
2025-09-15 21:20:49,51.132.193.104,6,5,SUSPICIOUS,51.5085,-0.1257,GB,AS8075 Microsoft Corporation
2025-09-15 21:20:55,100.90.1.1,6,5,SUSPICIOUS,,,,
2025-09-15 21:20:58,34.228.45.57,6,5,SUSPICIOUS,39.0437,-77.4875,US,AS14618 Amazon.com  Inc.
2025-09-15 21:21:00,20.190.177.84,6,5,SUSPICIOUS,48.8534,2.3488,FR,AS8075 Microsoft Corporation
2025-09-15 21:21:03,34.120.208.123,6,5,SUSPICIOUS,39.0997,-94.5786,US,AS396982 Google LLC
2025-09-15 21:21:06,104.208.16.95,6,5,SUSPICIOUS,41.6005,-93.6091,US,AS8075 Microsoft Corporation
2025-09-15 21:21:09,34.110.138.217,6,5,SUSPICIOUS,39.0997,-94.5786,US,AS396982 Google LLC
2025-09-15 21:21:11,34.36.137.203,6,5,SUSPICIOUS,39.0997,-94.5786,US,AS396982 Google LLC
2025-09-15 21:21:12,34.159.227.151,6,5,SUSPICIOUS,50.1159,8.6702,Germany,GOOGLE-CLOUD-PLATFORM
2025-09-15 21:21:13,100.90.1.1,6,5,SUSPICIOUS,,,,
2025-09-15 21:21:15,34.117.59.81,6,5,BLOCKED,38.9296,-94.5009,United States,GOOGLE-CLOUD-PLATFORM
2025-09-15 21:21:16,149.154.167.92,6,5,SUSPICIOUS,51.5081,-0.1278,United Kingdom,Telegram Messenger Inc
2025-09-15 21:21:18,40.74.98.193,6,5,SUSPICIOUS,34.6938,135.5011,JP,AS8075 Microsoft Corporation
2025-09-15 21:21:31,34.159.227.151,6,5,SUSPICIOUS,50.1159,8.6702,Germany,GOOGLE-CLOUD-PLATFORM
2025-09-15 21:21:34,40.74.98.193,6,5,SUSPICIOUS,34.6938,135.5011,JP,AS8075 Microsoft Corporation
2025-09-15 21:21:51,34.159.227.151,6,5,SUSPICIOUS,50.1159,8.6702,Germany,GOOGLE-CLOUD-PLATFORM
2025-09-15 21:21:52,100.90.1.1,6,5,SUSPICIOUS,,,,
2025-09-15 21:21:54,40.74.98.193,6,5,SUSPICIOUS,34.6938,135.5011,JP,AS8075 Microsoft Corporation
2025-09-15 21:22:10,34.159.227.151,6,5,SUSPICIOUS,50.1159,8.6702,Germany,GOOGLE-CLOUD-PLATFORM
2025-09-15 21:22:13,52.168.112.67,6,5,SUSPICIOUS,38.7135,-78.1594,US,AS8075 Microsoft Corporation
2025-09-15 21:22:15,34.117.59.81,6,5,BLOCKED,38.9296,-94.5009,United States,GOOGLE-CLOUD-PLATFORM
2025-09-15 21:22:28,34.159.227.151,6,5,SUSPICIOUS,50.1159,8.6702,Germany,GOOGLE-CLOUD-PLATFORM
2025-09-15 21:22:31,52.168.112.67,6,5,SUSPICIOUS,38.7135,-78.1594,US,AS8075 Microsoft Corporation
2025-09-15 21:22:34,100.90.1.1,6,5,SUSPICIOUS,,,,
2025-09-15 21:22:34,140.82.121.5,6,5,SUSPICIOUS,,,,
2025-09-15 21:22:36,104.26.14.40,6,5,SUSPICIOUS,,,,
2025-09-15 21:22:39,140.82.121.3,6,5,SUSPICIOUS,50.1155,8.6842,DE,AS36459 GitHub  Inc.
2025-09-15 21:22:47,34.159.227.151,6,5,SUSPICIOUS,50.1159,8.6702,Germany,GOOGLE-CLOUD-PLATFORM
2025-09-15 21:22:50,52.168.112.67,6,5,SUSPICIOUS,38.7135,-78.1594,US,AS8075 Microsoft Corporation
2025-09-15 21:22:56,100.90.1.1,6,5,SUSPICIOUS,,,,
2025-09-15 21:23:05,34.36.137.203,6,5,SUSPICIOUS,39.0997,-94.5786,US,AS396982 Google LLC
2025-09-15 21:23:06,34.120.208.123,6,5,SUSPICIOUS,39.0997,-94.5786,US,AS396982 Google LLC
2025-09-15 21:23:08,34.110.253.53,6,5,SUSPICIOUS,39.0997,-94.5786,US,AS396982 Google LLC
2025-09-15 21:23:11,142.250.184.162,6,5,SUSPICIOUS,40.4165,-3.7026,ES,AS15169 Google LLC
2025-09-15 21:23:13,100.90.1.1,7,5,SUSPICIOUS,,,,
2025-09-15 21:23:14,34.159.227.151,6,5,SUSPICIOUS,50.1159,8.6702,Germany,GOOGLE-CLOUD-PLATFORM
2025-09-15 21:23:16,52.168.112.67,6,5,SUSPICIOUS,38.7135,-78.1594,US,AS8075 Microsoft Corporation
2025-09-15 21:23:17,34.117.59.81,6,5,BLOCKED,38.9296,-94.5009,United States,GOOGLE-CLOUD-PLATFORM
2025-09-15 21:23:19,20.42.65.94,6,5,SUSPICIOUS,38.7095,-78.1539,United States,MICROSOFT-CORP-MSN-AS-BLOCK
2025-09-15 21:23:21,149.154.167.92,6,5,SUSPICIOUS,51.5081,-0.1278,United Kingdom,Telegram Messenger Inc
2025-09-15 21:23:22,34.110.253.53,67,5,SUSPICIOUS,39.0997,-94.5786,US,AS396982 Google LLC
2025-09-15 21:23:24,149.154.164.250,6,5,SUSPICIOUS,52.374,4.8897,NL,AS62041 Telegram Messenger Inc
2025-09-15 21:23:29,100.90.1.1,25,5,SUSPICIOUS,,,,
2025-09-15 21:23:32,34.159.227.151,6,5,SUSPICIOUS,50.1159,8.6702,Germany,GOOGLE-CLOUD-PLATFORM
2025-09-15 21:23:35,20.42.65.94,10,5,SUSPICIOUS,38.7095,-78.1539,United States,MICROSOFT-CORP-MSN-AS-BLOCK
2025-09-15 21:23:51,34.159.227.151,6,5,SUSPICIOUS,50.1159,8.6702,Germany,GOOGLE-CLOUD-PLATFORM
2025-09-15 21:24:04,20.42.65.94,6,5,SUSPICIOUS,38.7095,-78.1539,United States,MICROSOFT-CORP-MSN-AS-BLOCK
2025-09-15 21:24:10,34.159.227.151,6,5,SUSPICIOUS,50.1159,8.6702,Germany,GOOGLE-CLOUD-PLATFORM
2025-09-15 21:24:29,34.159.227.151,6,5,SUSPICIOUS,50.1159,8.6702,Germany,GOOGLE-CLOUD-PLATFORM
2025-09-15 21:24:32,20.42.65.88,6,5,SUSPICIOUS,38.7135,-78.1594,US,AS8075 Microsoft Corporation
2025-09-15 21:24:34,34.117.59.81,6,5,BLOCKED,38.9296,-94.5009,United States,GOOGLE-CLOUD-PLATFORM
2025-09-15 21:24:48,34.159.227.151,6,5,SUSPICIOUS,50.1159,8.6702,Germany,GOOGLE-CLOUD-PLATFORM
2025-09-15 21:24:51,20.42.65.88,6,5,SUSPICIOUS,38.7135,-78.1594,US,AS8075 Microsoft Corporation
2025-09-15 21:25:07,34.159.227.151,6,5,SUSPICIOUS,50.1159,8.6702,Germany,GOOGLE-CLOUD-PLATFORM
2025-09-15 21:25:10,20.42.65.88,6,5,SUSPICIOUS,38.7135,-78.1594,US,AS8075 Microsoft Corporation
2025-09-15 21:25:26,34.159.227.151,6,5,SUSPICIOUS,50.1159,8.6702,Germany,GOOGLE-CLOUD-PLATFORM
2025-09-15 21:25:28,20.42.65.88,6,5,SUSPICIOUS,38.7135,-78.1594,US,AS8075 Microsoft Corporation
2025-09-15 21:25:45,34.159.227.151,6,5,SUSPICIOUS,50.1159,8.6702,Germany,GOOGLE-CLOUD-PLATFORM
2025-09-15 21:25:48,40.79.189.58,6,5,SUSPICIOUS,35.6895,139.6917,JP,AS8075 Microsoft Corporation
2025-09-15 21:25:50,100.90.1.1,6,5,SUSPICIOUS,,,,
2025-09-15 21:25:50,34.117.59.81,6,5,BLOCKED,38.9296,-94.5009,United States,GOOGLE-CLOUD-PLATFORM
2025-09-15 21:26:03,34.159.227.151,6,5,SUSPICIOUS,50.1159,8.6702,Germany,GOOGLE-CLOUD-PLATFORM
2025-09-15 21:26:06,40.79.189.58,6,5,SUSPICIOUS,35.6895,139.6917,JP,AS8075 Microsoft Corporation
2025-09-15 21:26:21,34.159.227.151,6,5,SUSPICIOUS,50.1159,8.6702,Germany,GOOGLE-CLOUD-PLATFORM
2025-09-15 21:26:24,40.79.189.58,6,5,SUSPICIOUS,35.6895,139.6917,JP,AS8075 Microsoft Corporation
2025-09-15 21:26:40,34.159.227.151,6,5,SUSPICIOUS,50.1159,8.6702,Germany,GOOGLE-CLOUD-PLATFORM
2025-09-15 21:26:43,40.79.189.58,6,5,SUSPICIOUS,35.6895,139.6917,JP,AS8075 Microsoft Corporation
2025-09-15 21:26:59,34.159.227.151,6,5,SUSPICIOUS,50.1159,8.6702,Germany,GOOGLE-CLOUD-PLATFORM
2025-09-15 21:27:02,52.182.143.211,6,5,SUSPICIOUS,41.6005,-93.6091,US,AS8075 Microsoft Corporation
2025-09-15 21:27:04,100.90.1.1,6,5,SUSPICIOUS,,,,
2025-09-15 21:27:05,34.117.59.81,6,5,BLOCKED,38.9296,-94.5009,United States,GOOGLE-CLOUD-PLATFORM
2025-09-15 21:27:18,34.159.227.151,6,5,SUSPICIOUS,50.1159,8.6702,Germany,GOOGLE-CLOUD-PLATFORM
2025-09-15 21:27:21,52.182.143.211,6,5,SUSPICIOUS,41.6005,-93.6091,US,AS8075 Microsoft Corporation
2025-09-15 21:27:37,34.159.227.151,6,5,SUSPICIOUS,50.1159,8.6702,Germany,GOOGLE-CLOUD-PLATFORM
2025-09-15 21:27:39,52.182.143.211,6,5,SUSPICIOUS,41.6005,-93.6091,US,AS8075 Microsoft Corporation
2025-09-15 21:27:55,34.159.227.151,6,5,SUSPICIOUS,50.1159,8.6702,Germany,GOOGLE-CLOUD-PLATFORM
2025-09-15 21:27:58,52.182.143.211,6,5,SUSPICIOUS,41.6005,-93.6091,US,AS8075 Microsoft Corporation
2025-09-15 21:28:14,34.159.227.151,6,5,SUSPICIOUS,50.1159,8.6702,Germany,GOOGLE-CLOUD-PLATFORM
2025-09-15 21:28:17,104.208.16.88,6,5,SUSPICIOUS,41.6005,-93.6091,US,AS8075 Microsoft Corporation
2025-09-15 21:28:19,34.117.59.81,6,5,BLOCKED,38.9296,-94.5009,United States,GOOGLE-CLOUD-PLATFORM
2025-09-15 21:28:33,34.159.227.151,6,5,SUSPICIOUS,50.1159,8.6702,Germany,GOOGLE-CLOUD-PLATFORM
2025-09-15 21:28:35,104.208.16.88,6,5,SUSPICIOUS,41.6005,-93.6091,US,AS8075 Microsoft Corporation
2025-09-15 21:28:51,34.159.227.151,6,5,SUSPICIOUS,50.1159,8.6702,Germany,GOOGLE-CLOUD-PLATFORM
2025-09-15 21:28:54,104.208.16.88,6,5,SUSPICIOUS,41.6005,-93.6091,US,AS8075 Microsoft Corporation
2025-09-15 21:29:10,34.159.227.151,6,5,SUSPICIOUS,50.1159,8.6702,Germany,GOOGLE-CLOUD-PLATFORM
2025-09-15 21:29:12,104.208.16.88,6,5,SUSPICIOUS,41.6005,-93.6091,US,AS8075 Microsoft Corporation
2025-09-15 21:29:28,34.159.227.151,6,5,SUSPICIOUS,50.1159,8.6702,Germany,GOOGLE-CLOUD-PLATFORM
2025-09-15 21:29:31,52.182.143.214,6,5,SUSPICIOUS,41.6005,-93.6091,US,AS8075 Microsoft Corporation
2025-09-15 21:29:33,34.117.59.81,6,5,BLOCKED,38.9296,-94.5009,United States,GOOGLE-CLOUD-PLATFORM
2025-09-15 21:29:33,100.90.1.1,6,5,SUSPICIOUS,,,,
2025-09-15 21:29:45,132.164.187.92,6,5,SUSPICIOUS,53.3331,-6.2489,IE,AS8075 Microsoft Corporation
2025-09-15 21:29:47,51.124.78.146,6,5,SUSPICIOUS,52.374,4.8897,NL,AS8075 Microsoft Corporation
2025-09-15 21:29:49,52.182.143.214,6,5,SUSPICIOUS,41.6005,-93.6091,US,AS8075 Microsoft Corporation
2025-09-15 21:29:50,34.117.59.81,11,5,BLOCKED,38.9296,-94.5009,United States,GOOGLE-CLOUD-PLATFORM
2025-09-15 21:29:51,34.159.227.151,6,5,SUSPICIOUS,50.1159,8.6702,Germany,GOOGLE-CLOUD-PLATFORM
2025-09-15 21:29:51,100.90.1.1,6,5,SUSPICIOUS,,,,
2025-09-15 21:29:52,149.154.167.92,6,5,SUSPICIOUS,51.5081,-0.1278,United Kingdom,Telegram Messenger Inc
2025-09-15 21:30:11,34.159.227.151,6,5,SUSPICIOUS,50.1159,8.6702,Germany,GOOGLE-CLOUD-PLATFORM
2025-09-15 21:30:14,52.182.143.214,6,5,SUSPICIOUS,41.6005,-93.6091,US,AS8075 Microsoft Corporation
2025-09-15 21:30:30,34.159.227.151,6,5,SUSPICIOUS,50.1159,8.6702,Germany,GOOGLE-CLOUD-PLATFORM
2025-09-15 21:30:33,52.182.143.214,6,5,SUSPICIOUS,41.6005,-93.6091,US,AS8075 Microsoft Corporation
2025-09-15 21:30:49,34.159.227.151,6,5,SUSPICIOUS,50.1159,8.6702,Germany,GOOGLE-CLOUD-PLATFORM
2025-09-15 21:30:51,51.105.71.137,6,5,SUSPICIOUS,51.5085,-0.1257,GB,AS8075 Microsoft Corporation
2025-09-15 21:31:08,34.159.227.151,6,5,SUSPICIOUS,50.1159,8.6702,Germany,GOOGLE-CLOUD-PLATFORM
2025-09-15 21:31:10,51.105.71.137,6,5,SUSPICIOUS,51.5085,-0.1257,GB,AS8075 Microsoft Corporation
2025-09-15 21:31:26,34.159.227.151,6,5,SUSPICIOUS,50.1159,8.6702,Germany,GOOGLE-CLOUD-PLATFORM
2025-09-15 21:31:45,34.159.227.151,6,5,SUSPICIOUS,50.1159,8.6702,Germany,GOOGLE-CLOUD-PLATFORM
2025-09-15 21:31:52,51.105.71.137,6,5,SUSPICIOUS,51.5085,-0.1257,GB,AS8075 Microsoft Corporation
2025-09-15 21:31:55,104.208.16.88,6,5,SUSPICIOUS,41.6005,-93.6091,US,AS8075 Microsoft Corporation
2025-09-15 21:32:04,34.159.227.151,6,5,SUSPICIOUS,50.1159,8.6702,Germany,GOOGLE-CLOUD-PLATFORM
2025-09-15 21:32:22,34.159.227.151,6,5,SUSPICIOUS,50.1159,8.6702,Germany,GOOGLE-CLOUD-PLATFORM
2025-09-15 21:32:24,104.208.16.88,6,5,SUSPICIOUS,41.6005,-93.6091,US,AS8075 Microsoft Corporation
2025-09-15 21:32:40,34.159.227.151,6,5,SUSPICIOUS,50.1159,8.6702,Germany,GOOGLE-CLOUD-PLATFORM
2025-09-15 21:32:43,104.208.16.88,6,5,SUSPICIOUS,41.6005,-93.6091,US,AS8075 Microsoft Corporation
2025-09-15 21:32:58,34.159.227.151,6,5,SUSPICIOUS,50.1159,8.6702,Germany,GOOGLE-CLOUD-PLATFORM
2025-09-15 21:33:02,104.46.162.227,6,5,SUSPICIOUS,-37.814,144.9633,AU,AS8075 Microsoft Corporation
2025-09-15 21:33:03,34.117.59.81,6,5,BLOCKED,38.9296,-94.5009,United States,GOOGLE-CLOUD-PLATFORM
2025-09-15 21:33:04,100.90.1.1,6,5,SUSPICIOUS,,,,
2025-09-15 21:33:17,34.159.227.151,6,5,SUSPICIOUS,50.1159,8.6702,Germany,GOOGLE-CLOUD-PLATFORM
2025-09-15 21:33:20,104.46.162.227,6,5,SUSPICIOUS,-37.814,144.9633,AU,AS8075 Microsoft Corporation
2025-09-15 21:33:35,34.159.227.151,6,5,SUSPICIOUS,50.1159,8.6702,Germany,GOOGLE-CLOUD-PLATFORM
2025-09-15 21:33:38,104.46.162.227,6,5,SUSPICIOUS,-37.814,144.9633,AU,AS8075 Microsoft Corporation
2025-09-15 21:33:54,34.159.227.151,6,5,SUSPICIOUS,50.1159,8.6702,Germany,GOOGLE-CLOUD-PLATFORM
2025-09-15 21:33:57,104.46.162.227,6,5,SUSPICIOUS,-37.814,144.9633,AU,AS8075 Microsoft Corporation
2025-09-15 21:34:12,34.159.227.151,6,5,SUSPICIOUS,50.1159,8.6702,Germany,GOOGLE-CLOUD-PLATFORM
2025-09-15 21:34:15,20.189.173.23,6,5,SUSPICIOUS,37.3394,-121.895,US,AS8075 Microsoft Corporation
2025-09-15 21:34:31,34.159.227.151,6,5,SUSPICIOUS,50.1159,8.6702,Germany,GOOGLE-CLOUD-PLATFORM
2025-09-15 21:34:33,20.189.173.23,6,5,SUSPICIOUS,37.3394,-121.895,US,AS8075 Microsoft Corporation
2025-09-15 21:34:49,34.159.227.151,6,5,SUSPICIOUS,50.1159,8.6702,Germany,GOOGLE-CLOUD-PLATFORM
2025-09-15 21:34:52,20.189.173.23,6,5,SUSPICIOUS,37.3394,-121.895,US,AS8075 Microsoft Corporation
2025-09-15 21:35:04,52.168.117.175,6,5,SUSPICIOUS,38.7135,-78.1594,US,AS8075 Microsoft Corporation
2025-09-15 21:35:07,20.189.173.23,10,5,SUSPICIOUS,37.3394,-121.895,US,AS8075 Microsoft Corporation
2025-09-15 21:35:09,20.189.172.76,6,5,SUSPICIOUS,37.3394,-121.895,US,AS8075 Microsoft Corporation
2025-09-15 21:35:10,34.159.227.151,6,5,SUSPICIOUS,50.1159,8.6702,Germany,GOOGLE-CLOUD-PLATFORM
2025-09-15 21:35:11,100.90.1.1,6,5,SUSPICIOUS,,,,
2025-09-15 21:35:12,34.117.59.81,6,5,BLOCKED,38.9296,-94.5009,United States,GOOGLE-CLOUD-PLATFORM
2025-09-15 21:35:18,34.107.243.93,6,5,BLOCKED,39.0997,-94.5786,US,AS396982 Google LLC
2025-09-15 21:35:21,149.154.167.92,6,5,SUSPICIOUS,51.5081,-0.1278,United Kingdom,Telegram Messenger Inc
2025-09-15 21:35:24,20.189.173.23,6,5,SUSPICIOUS,37.3394,-121.895,US,AS8075 Microsoft Corporation
2025-09-15 21:35:26,34.159.227.151,6,5,SUSPICIOUS,50.1159,8.6702,Germany,GOOGLE-CLOUD-PLATFORM
2025-09-15 21:35:41,20.73.194.208,6,5,SUSPICIOUS,52.374,4.8897,NL,AS8075 Microsoft Corporation
2025-09-15 21:35:44,20.189.173.23,6,5,SUSPICIOUS,37.3394,-121.895,US,AS8075 Microsoft Corporation
2025-09-15 21:35:45,34.159.227.151,6,5,SUSPICIOUS,50.1159,8.6702,Germany,GOOGLE-CLOUD-PLATFORM
2025-09-15 21:36:04,34.159.227.151,6,5,SUSPICIOUS,50.1159,8.6702,Germany,GOOGLE-CLOUD-PLATFORM
2025-09-15 22:15:01,4.207.247.139,6,5,SUSPICIOUS,53.3331,-6.2489,IE,AS8075 Microsoft Corporation
2025-09-15 22:15:03,135.236.136.184,6,5,SUSPICIOUS,53.3382,-6.2591,Ireland,MICROSOFT-CORP-MSN-AS-BLOCK
2025-09-15 22:15:06,100.90.1.1,6,5,SUSPICIOUS,,,,
2025-09-15 22:15:07,100.100.1.1,6,5,SUSPICIOUS,,,,
2025-09-15 22:15:08,79.116.255.35,6,5,SUSPICIOUS,40.4165,-3.7026,ES,AS57269 DIGI SPAIN TELECOM S.L.
2025-09-15 22:15:09,4.207.247.137,6,5,SUSPICIOUS,,,,
2025-09-15 22:15:10,52.182.143.215,6,5,SUSPICIOUS,41.6005,-93.6091,US,AS8075 Microsoft Corporation
2025-09-15 22:15:13,20.73.194.208,6,5,SUSPICIOUS,52.374,4.8897,NL,AS8075 Microsoft Corporation
2025-09-15 22:15:15,2.16.88.71,6,5,SUSPICIOUS,40.4165,-3.7026,ES,AS20940 Akamai International B.V.
2025-09-15 22:15:18,149.154.167.92,6,5,SUSPICIOUS,51.5081,-0.1278,United Kingdom,Telegram Messenger Inc
2025-09-15 22:15:18,34.110.138.217,6,5,SUSPICIOUS,39.0997,-94.5786,US,AS396982 Google LLC
2025-09-15 22:15:19,34.36.137.203,6,5,SUSPICIOUS,39.0997,-94.5786,US,AS396982 Google LLC
2025-09-15 22:15:23,44.215.234.239,6,5,SUSPICIOUS,39.0437,-77.4875,US,AS14618 Amazon.com  Inc.
2025-09-15 22:15:27,100.90.1.1,6,5,SUSPICIOUS,,,,
2025-09-15 22:15:29,34.159.227.151,6,5,SUSPICIOUS,50.1159,8.6702,Germany,GOOGLE-CLOUD-PLATFORM
2025-09-15 22:15:32,13.107.5.93,6,5,SUSPICIOUS,47.674,-122.1215,US,AS8068 Microsoft Corporation
2025-09-15 22:15:38,20.189.172.32,6,5,SUSPICIOUS,37.3394,-121.895,US,AS8075 Microsoft Corporation
2025-09-15 22:15:43,100.90.1.1,6,5,SUSPICIOUS,,,,
2025-09-15 22:15:47,140.82.121.6,6,5,SUSPICIOUS,50.1155,8.6842,DE,AS36459 GitHub  Inc.
2025-09-15 22:15:50,13.107.5.93,6,5,SUSPICIOUS,47.674,-122.1215,US,AS8068 Microsoft Corporation
2025-09-15 22:15:52,20.189.172.32,6,5,SUSPICIOUS,37.3394,-121.895,US,AS8075 Microsoft Corporation
2025-09-15 22:15:54,104.46.162.226,6,5,SUSPICIOUS,-37.814,144.9633,AU,AS8075 Microsoft Corporation
2025-09-15 22:15:58,34.159.227.151,6,5,SUSPICIOUS,50.1159,8.6702,Germany,GOOGLE-CLOUD-PLATFORM
2025-09-15 22:16:00,34.117.59.81,6,5,BLOCKED,38.9296,-94.5009,United States,GOOGLE-CLOUD-PLATFORM
2025-09-15 22:16:02,149.154.167.92,6,5,SUSPICIOUS,51.5081,-0.1278,United Kingdom,Telegram Messenger Inc
2025-09-15 22:16:03,100.90.1.1,6,5,SUSPICIOUS,,,,
2025-09-15 22:16:05,34.120.208.123,6,5,SUSPICIOUS,39.0997,-94.5786,US,AS396982 Google LLC
2025-09-15 22:16:08,52.182.143.213,6,5,SUSPICIOUS,41.6005,-93.6091,US,AS8075 Microsoft Corporation
2025-09-15 22:16:10,184.24.0.227,6,5,SUSPICIOUS,40.4165,-3.7026,ES,AS16625 Akamai Technologies  Inc.
2025-09-15 22:16:19,34.159.227.151,6,5,SUSPICIOUS,50.1159,8.6702,Germany,GOOGLE-CLOUD-PLATFORM
2025-09-15 22:16:26,52.182.143.213,18,5,SUSPICIOUS,41.6005,-93.6091,US,AS8075 Microsoft Corporation
2025-09-15 22:16:41,34.159.227.151,6,5,SUSPICIOUS,50.1159,8.6702,Germany,GOOGLE-CLOUD-PLATFORM
2025-09-15 22:16:44,52.182.143.213,6,5,SUSPICIOUS,41.6005,-93.6091,US,AS8075 Microsoft Corporation
2025-09-15 22:16:54,52.182.143.215,6,5,SUSPICIOUS,41.6005,-93.6091,US,AS8075 Microsoft Corporation
2025-09-15 22:17:03,34.159.227.151,6,5,SUSPICIOUS,50.1159,8.6702,Germany,GOOGLE-CLOUD-PLATFORM
2025-09-15 22:17:12,20.199.58.43,6,5,SUSPICIOUS,48.8534,2.3488,FR,AS8075 Microsoft Corporation
2025-09-15 22:17:15,34.117.59.81,6,5,BLOCKED,38.9296,-94.5009,United States,GOOGLE-CLOUD-PLATFORM
2025-09-15 22:17:18,20.42.65.90,6,5,SUSPICIOUS,38.7135,-78.1594,US,AS8075 Microsoft Corporation
2025-09-15 22:17:21,34.159.227.151,6,5,SUSPICIOUS,50.1159,8.6702,Germany,GOOGLE-CLOUD-PLATFORM
2025-09-15 22:17:23,149.154.167.92,6,5,SUSPICIOUS,51.5081,-0.1278,United Kingdom,Telegram Messenger Inc
2025-09-15 22:17:24,100.90.1.1,6,5,SUSPICIOUS,,,,
2025-09-15 22:17:26,34.36.137.203,6,5,SUSPICIOUS,39.0997,-94.5786,US,AS396982 Google LLC
2025-09-15 22:17:28,34.120.208.123,6,5,SUSPICIOUS,39.0997,-94.5786,US,AS396982 Google LLC
2025-09-15 22:17:30,34.110.253.53,6,5,SUSPICIOUS,39.0997,-94.5786,US,AS396982 Google LLC
2025-09-15 22:17:32,100.100.1.1,6,5,SUSPICIOUS,,,,
2025-09-15 22:17:34,172.217.168.162,6,5,SUSPICIOUS,,,,
2025-09-15 22:17:37,20.42.65.90,6,5,SUSPICIOUS,38.7135,-78.1594,US,AS8075 Microsoft Corporation
2025-09-15 22:17:38,34.159.227.151,13,5,SUSPICIOUS,50.1159,8.6702,Germany,GOOGLE-CLOUD-PLATFORM
2025-09-15 22:17:40,100.90.1.1,56,5,SUSPICIOUS,,,,
2025-09-15 22:17:42,149.154.167.92,6,5,SUSPICIOUS,51.5081,-0.1278,United Kingdom,Telegram Messenger Inc
2025-09-15 22:17:47,34.110.253.53,35,5,SUSPICIOUS,39.0997,-94.5786,US,AS396982 Google LLC
2025-09-15 22:17:55,34.159.227.151,6,5,SUSPICIOUS,50.1159,8.6702,Germany,GOOGLE-CLOUD-PLATFORM
2025-09-15 22:17:57,34.107.243.93,6,5,BLOCKED,39.0997,-94.5786,US,AS396982 Google LLC
2025-09-15 22:17:59,20.42.65.90,6,5,SUSPICIOUS,38.7135,-78.1594,US,AS8075 Microsoft Corporation
2025-09-15 22:18:10,34.159.227.151,9,5,SUSPICIOUS,50.1159,8.6702,Germany,GOOGLE-CLOUD-PLATFORM
2025-09-15 22:18:13,100.90.1.1,6,5,SUSPICIOUS,,,,
2025-09-15 22:18:14,20.189.173.26,6,5,SUSPICIOUS,,,,
2025-09-15 22:18:31,34.159.227.151,6,5,SUSPICIOUS,50.1159,8.6702,Germany,GOOGLE-CLOUD-PLATFORM
2025-09-15 22:18:34,20.189.173.26,6,5,SUSPICIOUS,,,,
2025-09-15 22:18:42,140.82.121.6,6,5,SUSPICIOUS,50.1155,8.6842,DE,AS36459 GitHub  Inc.
2025-09-15 22:18:43,100.90.1.1,6,5,SUSPICIOUS,,,,
2025-09-15 22:18:46,172.67.68.156,6,5,SUSPICIOUS,37.7621,-122.3971,US,AS13335 Cloudflare  Inc.
2025-09-15 22:18:50,140.82.121.3,6,5,SUSPICIOUS,50.1155,8.6842,DE,AS36459 GitHub  Inc.
2025-09-15 22:18:52,20.189.173.26,6,5,SUSPICIOUS,,,,
2025-09-15 22:18:53,34.117.59.81,6,5,BLOCKED,38.9296,-94.5009,United States,GOOGLE-CLOUD-PLATFORM
2025-09-15 22:18:55,34.159.227.151,6,5,SUSPICIOUS,50.1159,8.6702,Germany,GOOGLE-CLOUD-PLATFORM
2025-09-15 22:18:56,149.154.167.92,6,5,SUSPICIOUS,51.5081,-0.1278,United Kingdom,Telegram Messenger Inc
2025-09-15 22:19:41,34.159.227.151,6,5,SUSPICIOUS,50.1159,8.6702,Germany,GOOGLE-CLOUD-PLATFORM
2025-09-15 22:19:42,34.120.208.123,6,5,SUSPICIOUS,39.0997,-94.5786,US,AS396982 Google LLC
2025-09-15 22:19:44,13.69.239.72,6,5,SUSPICIOUS,53.3331,-6.2489,IE,AS8075 Microsoft Corporation
2025-09-15 22:19:46,100.90.1.1,6,5,SUSPICIOUS,,,,
2025-09-15 22:19:47,34.117.59.81,6,5,BLOCKED,38.9296,-94.5009,United States,GOOGLE-CLOUD-PLATFORM
